序号,分析因素,层号,X变量,X值,宽度(mm),高度(mm)
1,Welding current,1,Welding current (A),60.0,8.8175,2.2497
2,Welding current,1,Welding current (A),61.6667,8.8522,2.246
3,Welding current,1,Welding current (A),63.3333,8.8758,2.2685
4,Welding current,1,Welding current (A),65.0,8.9142,2.2918
5,Welding current,1,Welding current (A),66.6667,9.0291,2.3514
6,Welding current,1,Welding current (A),68.3333,8.9654,2.3696
7,Welding current,1,Welding current (A),70.0,9.1398,2.3941
8,Welding current,1,Welding current (A),71.6667,9.1348,2.4302
9,Welding current,1,Welding current (A),73.3333,9.2385,2.5033
10,Welding current,1,Welding current (A),75.0,9.3439,2.5307
11,Welding current,1,Welding current (A),76.6667,9.3388,2.539
12,Welding current,1,Welding current (A),78.3333,9.4428,2.592
13,Welding current,1,Welding current (A),80.0,9.5772,2.6395
14,Welding current,1,Welding current (A),81.6667,9.6298,2.6756
15,Welding current,1,Welding current (A),83.3333,9.7086,2.7596
16,Welding current,1,Welding current (A),85.0,9.7715,2.7297
17,Welding current,1,Welding current (A),86.6667,9.8322,2.8268
18,Welding current,1,Welding current (A),88.3333,9.9775,2.877
19,Welding current,1,Welding current (A),90.0,10.0144,2.8986
20,Welding current,1,Welding current (A),91.6667,10.1165,2.9496
21,Welding current,1,Welding current (A),93.3333,10.1447,2.9983
22,Welding current,1,Welding current (A),95.0,10.2622,3.0302
23,Welding current,1,Welding current (A),96.6667,10.3135,3.0638
24,Welding current,1,Welding current (A),98.3333,10.4179,3.1315
25,Welding current,1,Welding current (A),100.0,10.4973,3.1662
26,Welding current,2,Welding current (A),60.0,8.8541,2.1879
27,Welding current,2,Welding current (A),61.6667,8.8676,2.2192
28,Welding current,2,Welding current (A),63.3333,8.955,2.2428
29,Welding current,2,Welding current (A),65.0,8.9817,2.3008
30,Welding current,2,Welding current (A),66.6667,9.0634,2.2849
31,Welding current,2,Welding current (A),68.3333,9.0818,2.3448
32,Welding current,2,Welding current (A),70.0,9.195,2.3818
33,Welding current,2,Welding current (A),71.6667,9.238,2.4199
34,Welding current,2,Welding current (A),73.3333,9.3173,2.4732
35,Welding current,2,Welding current (A),75.0,9.3697,2.495
36,Welding current,2,Welding current (A),76.6667,9.4118,2.5344
37,Welding current,2,Welding current (A),78.3333,9.5306,2.5701
38,Welding current,2,Welding current (A),80.0,9.5623,2.5993
39,Welding current,2,Welding current (A),81.6667,9.655,2.6651
40,Welding current,2,Welding current (A),83.3333,9.7447,2.7099
41,Welding current,2,Welding current (A),85.0,9.7858,2.7546
42,Welding current,2,Welding current (A),86.6667,9.9127,2.791
43,Welding current,2,Welding current (A),88.3333,9.9323,2.8356
44,Welding current,2,Welding current (A),90.0,10.0126,2.8912
45,Welding current,2,Welding current (A),91.6667,10.1244,2.9248
46,Welding current,2,Welding current (A),93.3333,10.1653,2.9927
47,Welding current,2,Welding current (A),95.0,10.2724,3.0137
48,Welding current,2,Welding current (A),96.6667,10.3583,3.0625
49,Welding current,2,Welding current (A),98.3333,10.464,3.1171
50,Welding current,2,Welding current (A),100.0,10.5426,3.1518
51,Welding current,3,Welding current (A),60.0,8.8538,2.178
52,Welding current,3,Welding current (A),61.6667,8.914,2.2075
53,Welding current,3,Welding current (A),63.3333,8.9727,2.2093
54,Welding current,3,Welding current (A),65.0,9.0371,2.2633
55,Welding current,3,Welding current (A),66.6667,9.0844,2.2885
56,Welding current,3,Welding current (A),68.3333,9.1544,2.3177
57,Welding current,3,Welding current (A),70.0,9.2136,2.3533
58,Welding current,3,Welding current (A),71.6667,9.339,2.4256
59,Welding current,3,Welding current (A),73.3333,9.3435,2.4521
60,Welding current,3,Welding current (A),75.0,9.4693,2.4352
61,Welding current,3,Welding current (A),76.6667,9.4737,2.5025
62,Welding current,3,Welding current (A),78.3333,9.6072,2.5716
63,Welding current,3,Welding current (A),80.0,9.6163,2.609
64,Welding current,3,Welding current (A),81.6667,9.715,2.6499
65,Welding current,3,Welding current (A),83.3333,9.8122,2.6686
66,Welding current,3,Welding current (A),85.0,9.9045,2.7124
67,Welding current,3,Welding current (A),86.6667,9.9989,2.7477
68,Welding current,3,Welding current (A),88.3333,10.0711,2.7926
69,Welding current,3,Welding current (A),90.0,10.1401,2.8631
70,Welding current,3,Welding current (A),91.6667,10.1994,2.9085
71,Welding current,3,Welding current (A),93.3333,10.3542,2.9464
72,Welding current,3,Welding current (A),95.0,10.384,2.9921
73,Welding current,3,Welding current (A),96.6667,10.3886,3.0446
74,Welding current,3,Welding current (A),98.3333,10.5962,3.1025
75,Welding current,3,Welding current (A),100.0,10.6027,3.1432
76,Welding current,4,Welding current (A),60.0,8.9209,2.1707
77,Welding current,4,Welding current (A),61.6667,8.9886,2.1568
78,Welding current,4,Welding current (A),63.3333,9.0805,2.2115
79,Welding current,4,Welding current (A),65.0,9.0924,2.2433
80,Welding current,4,Welding current (A),66.6667,9.122,2.2599
81,Welding current,4,Welding current (A),68.3333,9.2239,2.296
82,Welding current,4,Welding current (A),70.0,9.2412,2.3118
83,Welding current,4,Welding current (A),71.6667,9.3537,2.3897
84,Welding current,4,Welding current (A),73.3333,9.4231,2.4295
85,Welding current,4,Welding current (A),75.0,9.5011,2.4925
86,Welding current,4,Welding current (A),76.6667,9.5426,2.4927
87,Welding current,4,Welding current (A),78.3333,9.6819,2.5256
88,Welding current,4,Welding current (A),80.0,9.6762,2.5481
89,Welding current,4,Welding current (A),81.6667,9.819,2.6302
90,Welding current,4,Welding current (A),83.3333,9.9131,2.6571
91,Welding current,4,Welding current (A),85.0,9.949,2.6958
92,Welding current,4,Welding current (A),86.6667,10.0368,2.7305
93,Welding current,4,Welding current (A),88.3333,10.0993,2.7807
94,Welding current,4,Welding current (A),90.0,10.1598,2.8337
95,Welding current,4,Welding current (A),91.6667,10.2054,2.8807
96,Welding current,4,Welding current (A),93.3333,10.3898,2.9396
97,Welding current,4,Welding current (A),95.0,10.3896,2.9652
98,Welding current,4,Welding current (A),96.6667,10.5525,3.0082
99,Welding current,4,Welding current (A),98.3333,10.5977,3.0607
100,Welding current,4,Welding current (A),100.0,10.6277,3.1244
101,Welding current,5,Welding current (A),60.0,9.0016,2.1432
102,Welding current,5,Welding current (A),61.6667,8.9732,2.141
103,Welding current,5,Welding current (A),63.3333,9.059,2.1979
104,Welding current,5,Welding current (A),65.0,9.1293,2.2095
105,Welding current,5,Welding current (A),66.6667,9.2,2.2693
106,Welding current,5,Welding current (A),68.3333,9.2429,2.2844
107,Welding current,5,Welding current (A),70.0,9.3706,2.315
108,Welding current,5,Welding current (A),71.6667,9.407,2.359
109,Welding current,5,Welding current (A),73.3333,9.3802,2.3796
110,Welding current,5,Welding current (A),75.0,9.5502,2.4258
111,Welding current,5,Welding current (A),76.6667,9.5822,2.4584
112,Welding current,5,Welding current (A),78.3333,9.649,2.5012
113,Welding current,5,Welding current (A),80.0,9.7317,2.555
114,Welding current,5,Welding current (A),81.6667,9.8317,2.597
115,Welding current,5,Welding current (A),83.3333,9.8901,2.6517
116,Welding current,5,Welding current (A),85.0,9.9921,2.6813
117,Welding current,5,Welding current (A),86.6667,10.0974,2.7304
118,Welding current,5,Welding current (A),88.3333,10.1232,2.7726
119,Welding current,5,Welding current (A),90.0,10.2016,2.8058
120,Welding current,5,Welding current (A),91.6667,10.2918,2.8696
121,Welding current,5,Welding current (A),93.3333,10.3961,2.8961
122,Welding current,5,Welding current (A),95.0,10.5053,2.9609
123,Welding current,5,Welding current (A),96.6667,10.5984,3.0008
124,Welding current,5,Welding current (A),98.3333,10.6329,3.0403
125,Welding current,5,Welding current (A),100.0,10.7122,3.0854
126,Welding current,6,Welding current (A),60.0,9.0245,2.1109
127,Welding current,6,Welding current (A),61.6667,9.0194,2.1047
128,Welding current,6,Welding current (A),63.3333,9.1318,2.1448
129,Welding current,6,Welding current (A),65.0,9.1701,2.1868
130,Welding current,6,Welding current (A),66.6667,9.22,2.2273
131,Welding current,6,Welding current (A),68.3333,9.2795,2.2556
132,Welding current,6,Welding current (A),70.0,9.3497,2.2868
133,Welding current,6,Welding current (A),71.6667,9.4535,2.3068
134,Welding current,6,Welding current (A),73.3333,9.5032,2.3871
135,Welding current,6,Welding current (A),75.0,9.5337,2.4197
136,Welding current,6,Welding current (A),76.6667,9.6648,2.4277
137,Welding current,6,Welding current (A),78.3333,9.7122,2.4849
138,Welding current,6,Welding current (A),80.0,9.779,2.5305
139,Welding current,6,Welding current (A),81.6667,9.9173,2.5826
140,Welding current,6,Welding current (A),83.3333,9.995,2.6268
141,Welding current,6,Welding current (A),85.0,10.0311,2.6599
142,Welding current,6,Welding current (A),86.6667,10.1197,2.7061
143,Welding current,6,Welding current (A),88.3333,10.1925,2.748
144,Welding current,6,Welding current (A),90.0,10.2372,2.788
145,Welding current,6,Welding current (A),91.6667,10.3519,2.8474
146,Welding current,6,Welding current (A),93.3333,10.4383,2.8604
147,Welding current,6,Welding current (A),95.0,10.5042,2.952
148,Welding current,6,Welding current (A),96.6667,10.6204,2.9893
149,Welding current,6,Welding current (A),98.3333,10.6769,3.0164
150,Welding current,6,Welding current (A),100.0,10.7494,3.0891
151,Welding current,7,Welding current (A),60.0,9.0522,2.0831
152,Welding current,7,Welding current (A),61.6667,9.08,2.1304
153,Welding current,7,Welding current (A),63.3333,9.1812,2.1479
154,Welding current,7,Welding current (A),65.0,9.2183,2.1608
155,Welding current,7,Welding current (A),66.6667,9.2442,2.2026
156,Welding current,7,Welding current (A),68.3333,9.4013,2.2285
157,Welding current,7,Welding current (A),70.0,9.416,2.2881
158,Welding current,7,Welding current (A),71.6667,9.4812,2.2958
159,Welding current,7,Welding current (A),73.3333,9.5488,2.3315
160,Welding current,7,Welding current (A),75.0,9.6371,2.3837
161,Welding current,7,Welding current (A),76.6667,9.7069,2.4295
162,Welding current,7,Welding current (A),78.3333,9.7376,2.4791
163,Welding current,7,Welding current (A),80.0,9.8736,2.5077
164,Welding current,7,Welding current (A),81.6667,9.9278,2.5338
165,Welding current,7,Welding current (A),83.3333,9.9802,2.6046
166,Welding current,7,Welding current (A),85.0,10.0841,2.6405
167,Welding current,7,Welding current (A),86.6667,10.1197,2.6727
168,Welding current,7,Welding current (A),88.3333,10.1843,2.7175
169,Welding current,7,Welding current (A),90.0,10.2923,2.7749
170,Welding current,7,Welding current (A),91.6667,10.4332,2.8064
171,Welding current,7,Welding current (A),93.3333,10.4685,2.8664
172,Welding current,7,Welding current (A),95.0,10.5594,2.92
173,Welding current,7,Welding current (A),96.6667,10.6465,2.9473
174,Welding current,7,Welding current (A),98.3333,10.7345,2.9798
175,Welding current,7,Welding current (A),100.0,10.876,3.0684
176,Welding current,8,Welding current (A),60.0,9.0746,2.0585
177,Welding current,8,Welding current (A),61.6667,9.1779,2.0968
178,Welding current,8,Welding current (A),63.3333,9.2347,2.1265
179,Welding current,8,Welding current (A),65.0,9.2259,2.1608
180,Welding current,8,Welding current (A),66.6667,9.3337,2.18
181,Welding current,8,Welding current (A),68.3333,9.4249,2.2015
182,Welding current,8,Welding current (A),70.0,9.4897,2.2388
183,Welding current,8,Welding current (A),71.6667,9.6089,2.3016
184,Welding current,8,Welding current (A),73.3333,9.6256,2.2998
185,Welding current,8,Welding current (A),75.0,9.6464,2.3553
186,Welding current,8,Welding current (A),76.6667,9.791,2.3823
187,Welding current,8,Welding current (A),78.3333,9.8091,2.4502
188,Welding current,8,Welding current (A),80.0,9.9148,2.4878
189,Welding current,8,Welding current (A),81.6667,9.9893,2.5268
190,Welding current,8,Welding current (A),83.3333,10.0172,2.5808
191,Welding current,8,Welding current (A),85.0,10.1541,2.6065
192,Welding current,8,Welding current (A),86.6667,10.2028,2.6643
193,Welding current,8,Welding current (A),88.3333,10.2711,2.7161
194,Welding current,8,Welding current (A),90.0,10.4202,2.7397
195,Welding current,8,Welding current (A),91.6667,10.467,2.7966
196,Welding current,8,Welding current (A),93.3333,10.561,2.8799
197,Welding current,8,Welding current (A),95.0,10.6846,2.901
198,Welding current,8,Welding current (A),96.6667,10.7425,2.9291
199,Welding current,8,Welding current (A),98.3333,10.7944,2.9998
200,Welding current,8,Welding current (A),100.0,10.9285,3.0522
201,Welding current,9,Welding current (A),60.0,9.1561,2.0392
202,Welding current,9,Welding current (A),61.6667,9.1972,2.0593
203,Welding current,9,Welding current (A),63.3333,9.2683,2.0883
204,Welding current,9,Welding current (A),65.0,9.3428,2.1053
205,Welding current,9,Welding current (A),66.6667,9.368,2.1487
206,Welding current,9,Welding current (A),68.3333,9.4528,2.1928
207,Welding current,9,Welding current (A),70.0,9.5225,2.2389
208,Welding current,9,Welding current (A),71.6667,9.5753,2.2821
209,Welding current,9,Welding current (A),73.3333,9.6943,2.306
210,Welding current,9,Welding current (A),75.0,9.6812,2.3538
211,Welding current,9,Welding current (A),76.6667,9.7771,2.3504
212,Welding current,9,Welding current (A),78.3333,9.8762,2.4368
213,Welding current,9,Welding current (A),80.0,9.9944,2.443
214,Welding current,9,Welding current (A),81.6667,10.0252,2.5089
215,Welding current,9,Welding current (A),83.3333,10.0905,2.5552
216,Welding current,9,Welding current (A),85.0,10.1656,2.5661
217,Welding current,9,Welding current (A),86.6667,10.2563,2.6351
218,Welding current,9,Welding current (A),88.3333,10.3476,2.6982
219,Welding current,9,Welding current (A),90.0,10.4714,2.7055
220,Welding current,9,Welding current (A),91.6667,10.5267,2.7617
221,Welding current,9,Welding current (A),93.3333,10.5118,2.8332
222,Welding current,9,Welding current (A),95.0,10.715,2.8598
223,Welding current,9,Welding current (A),96.6667,10.7716,2.9175
224,Welding current,9,Welding current (A),98.3333,10.8494,2.9624
225,Welding current,9,Welding current (A),100.0,10.9453,2.9992
226,Welding current,10,Welding current (A),60.0,9.2407,2.0393
227,Welding current,10,Welding current (A),61.6667,9.2588,2.0332
228,Welding current,10,Welding current (A),63.3333,9.3498,2.0567
229,Welding current,10,Welding current (A),65.0,9.4128,2.1057
230,Welding current,10,Welding current (A),66.6667,9.4411,2.1407
231,Welding current,10,Welding current (A),68.3333,9.4873,2.1738
232,Welding current,10,Welding current (A),70.0,9.5381,2.2136
233,Welding current,10,Welding current (A),71.6667,9.6559,2.2519
234,Welding current,10,Welding current (A),73.3333,9.7055,2.2967
235,Welding current,10,Welding current (A),75.0,9.7862,2.3173
236,Welding current,10,Welding current (A),76.6667,9.8736,2.361
237,Welding current,10,Welding current (A),78.3333,9.9557,2.3988
238,Welding current,10,Welding current (A),80.0,10.0368,2.434
239,Welding current,10,Welding current (A),81.6667,10.1017,2.4856
240,Welding current,10,Welding current (A),83.3333,10.195,2.5265
241,Welding current,10,Welding current (A),85.0,10.2368,2.5523
242,Welding current,10,Welding current (A),86.6667,10.2954,2.6118
243,Welding current,10,Welding current (A),88.3333,10.3664,2.6665
244,Welding current,10,Welding current (A),90.0,10.5192,2.7103
245,Welding current,10,Welding current (A),91.6667,10.563,2.7481
246,Welding current,10,Welding current (A),93.3333,10.6412,2.8117
247,Welding current,10,Welding current (A),95.0,10.7174,2.8639
248,Welding current,10,Welding current (A),96.6667,10.8141,2.9009
249,Welding current,10,Welding current (A),98.3333,10.904,2.95
250,Welding current,10,Welding current (A),100.0,11.0078,2.9917
251,Welding speed,1,Welding speed (cm/min),22.0,10.1142,2.9539
252,Welding speed,1,Welding speed (cm/min),22.3333,10.0879,2.9237
253,Welding speed,1,Welding speed (cm/min),22.6667,10.0782,2.9033
254,Welding speed,1,Welding speed (cm/min),23.0,10.0958,2.9067
255,Welding speed,1,Welding speed (cm/min),23.3333,10.0777,2.8732
256,Welding speed,1,Welding speed (cm/min),23.6667,10.0886,2.8591
257,Welding speed,1,Welding speed (cm/min),24.0,10.0721,2.8354
258,Welding speed,1,Welding speed (cm/min),24.3333,10.0484,2.8097
259,Welding speed,1,Welding speed (cm/min),24.6667,10.0443,2.8064
260,Welding speed,1,Welding speed (cm/min),25.0,10.043,2.7869
261,Welding speed,1,Welding speed (cm/min),25.3333,10.022,2.756
262,Welding speed,1,Welding speed (cm/min),25.6667,9.9946,2.7228
263,Welding speed,1,Welding speed (cm/min),26.0,10.004,2.7183
264,Welding speed,1,Welding speed (cm/min),26.3333,9.9819,2.7056
265,Welding speed,1,Welding speed (cm/min),26.6667,9.9697,2.6793
266,Welding speed,1,Welding speed (cm/min),27.0,9.941,2.6584
267,Welding speed,1,Welding speed (cm/min),27.3333,9.9559,2.6462
268,Welding speed,1,Welding speed (cm/min),27.6667,9.9133,2.6324
269,Welding speed,1,Welding speed (cm/min),28.0,9.9099,2.6007
270,Welding speed,1,Welding speed (cm/min),28.3333,9.9295,2.5862
271,Welding speed,1,Welding speed (cm/min),28.6667,9.8968,2.5592
272,Welding speed,1,Welding speed (cm/min),29.0,9.892,2.5571
273,Welding speed,1,Welding speed (cm/min),29.3333,9.853,2.5214
274,Welding speed,1,Welding speed (cm/min),29.6667,9.8687,2.4964
275,Welding speed,1,Welding speed (cm/min),30.0,9.8413,2.4781
276,Welding speed,2,Welding speed (cm/min),22.0,10.1501,2.937
277,Welding speed,2,Welding speed (cm/min),22.3333,10.1642,2.9074
278,Welding speed,2,Welding speed (cm/min),22.6667,10.1329,2.8822
279,Welding speed,2,Welding speed (cm/min),23.0,10.1519,2.8734
280,Welding speed,2,Welding speed (cm/min),23.3333,10.1253,2.8453
281,Welding speed,2,Welding speed (cm/min),23.6667,10.1242,2.831
282,Welding speed,2,Welding speed (cm/min),24.0,10.103,2.8195
283,Welding speed,2,Welding speed (cm/min),24.3333,10.1043,2.8109
284,Welding speed,2,Welding speed (cm/min),24.6667,10.0849,2.8001
285,Welding speed,2,Welding speed (cm/min),25.0,10.0845,2.7447
286,Welding speed,2,Welding speed (cm/min),25.3333,10.0483,2.7341
287,Welding speed,2,Welding speed (cm/min),25.6667,10.0379,2.7094
288,Welding speed,2,Welding speed (cm/min),26.0,10.041,2.7018
289,Welding speed,2,Welding speed (cm/min),26.3333,10.0209,2.6882
290,Welding speed,2,Welding speed (cm/min),26.6667,9.9882,2.6621
291,Welding speed,2,Welding speed (cm/min),27.0,10.0065,2.644
292,Welding speed,2,Welding speed (cm/min),27.3333,9.9829,2.6247
293,Welding speed,2,Welding speed (cm/min),27.6667,9.9646,2.6149
294,Welding speed,2,Welding speed (cm/min),28.0,9.9814,2.5774
295,Welding speed,2,Welding speed (cm/min),28.3333,9.9402,2.5494
296,Welding speed,2,Welding speed (cm/min),28.6667,9.9715,2.5432
297,Welding speed,2,Welding speed (cm/min),29.0,9.9268,2.5131
298,Welding speed,2,Welding speed (cm/min),29.3333,9.9125,2.5066
299,Welding speed,2,Welding speed (cm/min),29.6667,9.9035,2.4739
300,Welding speed,2,Welding speed (cm/min),30.0,9.8932,2.4544
301,Welding speed,3,Welding speed (cm/min),22.0,10.2282,2.8979
302,Welding speed,3,Welding speed (cm/min),22.3333,10.2157,2.8789
303,Welding speed,3,Welding speed (cm/min),22.6667,10.1738,2.8732
304,Welding speed,3,Welding speed (cm/min),23.0,10.189,2.8656
305,Welding speed,3,Welding speed (cm/min),23.3333,10.1852,2.8211
306,Welding speed,3,Welding speed (cm/min),23.6667,10.1433,2.8232
307,Welding speed,3,Welding speed (cm/min),24.0,10.1361,2.7907
308,Welding speed,3,Welding speed (cm/min),24.3333,10.1386,2.782
309,Welding speed,3,Welding speed (cm/min),24.6667,10.0988,2.7771
310,Welding speed,3,Welding speed (cm/min),25.0,10.1172,2.7613
311,Welding speed,3,Welding speed (cm/min),25.3333,10.096,2.7263
312,Welding speed,3,Welding speed (cm/min),25.6667,10.1117,2.6928
313,Welding speed,3,Welding speed (cm/min),26.0,10.0671,2.6887
314,Welding speed,3,Welding speed (cm/min),26.3333,10.08,2.6626
315,Welding speed,3,Welding speed (cm/min),26.6667,10.056,2.6471
316,Welding speed,3,Welding speed (cm/min),27.0,10.0349,2.6185
317,Welding speed,3,Welding speed (cm/min),27.3333,10.0339,2.623
318,Welding speed,3,Welding speed (cm/min),27.6667,10.0141,2.5802
319,Welding speed,3,Welding speed (cm/min),28.0,10.0051,2.5736
320,Welding speed,3,Welding speed (cm/min),28.3333,9.9992,2.5394
321,Welding speed,3,Welding speed (cm/min),28.6667,9.9979,2.5175
322,Welding speed,3,Welding speed (cm/min),29.0,9.9661,2.5
323,Welding speed,3,Welding speed (cm/min),29.3333,9.9561,2.4799
324,Welding speed,3,Welding speed (cm/min),29.6667,9.9402,2.4706
325,Welding speed,3,Welding speed (cm/min),30.0,9.9285,2.439
326,Welding speed,4,Welding speed (cm/min),22.0,10.2441,2.8966
327,Welding speed,4,Welding speed (cm/min),22.3333,10.2446,2.8675
328,Welding speed,4,Welding speed (cm/min),22.6667,10.2397,2.8399
329,Welding speed,4,Welding speed (cm/min),23.0,10.219,2.8368
330,Welding speed,4,Welding speed (cm/min),23.3333,10.2182,2.8151
331,Welding speed,4,Welding speed (cm/min),23.6667,10.2148,2.7861
332,Welding speed,4,Welding speed (cm/min),24.0,10.1878,2.773
333,Welding speed,4,Welding speed (cm/min),24.3333,10.1773,2.7576
334,Welding speed,4,Welding speed (cm/min),24.6667,10.1737,2.7233
335,Welding speed,4,Welding speed (cm/min),25.0,10.1517,2.7099
336,Welding speed,4,Welding speed (cm/min),25.3333,10.1423,2.687
337,Welding speed,4,Welding speed (cm/min),25.6667,10.1423,2.679
338,Welding speed,4,Welding speed (cm/min),26.0,10.1201,2.6702
339,Welding speed,4,Welding speed (cm/min),26.3333,10.1191,2.6336
340,Welding speed,4,Welding speed (cm/min),26.6667,10.104,2.6201
341,Welding speed,4,Welding speed (cm/min),27.0,10.0898,2.6092
342,Welding speed,4,Welding speed (cm/min),27.3333,10.0805,2.5906
343,Welding speed,4,Welding speed (cm/min),27.6667,10.0728,2.5498
344,Welding speed,4,Welding speed (cm/min),28.0,10.037,2.5388
345,Welding speed,4,Welding speed (cm/min),28.3333,10.0216,2.5185
346,Welding speed,4,Welding speed (cm/min),28.6667,10.0076,2.4943
347,Welding speed,4,Welding speed (cm/min),29.0,10.0315,2.4916
348,Welding speed,4,Welding speed (cm/min),29.3333,9.9782,2.4641
349,Welding speed,4,Welding speed (cm/min),29.6667,9.9907,2.4433
350,Welding speed,4,Welding speed (cm/min),30.0,9.9879,2.4225
351,Welding speed,5,Welding speed (cm/min),22.0,10.3163,2.8623
352,Welding speed,5,Welding speed (cm/min),22.3333,10.3003,2.8512
353,Welding speed,5,Welding speed (cm/min),22.6667,10.2734,2.8268
354,Welding speed,5,Welding speed (cm/min),23.0,10.2653,2.8085
355,Welding speed,5,Welding speed (cm/min),23.3333,10.2618,2.7868
356,Welding speed,5,Welding speed (cm/min),23.6667,10.2631,2.7628
357,Welding speed,5,Welding speed (cm/min),24.0,10.2363,2.7519
358,Welding speed,5,Welding speed (cm/min),24.3333,10.2355,2.7369
359,Welding speed,5,Welding speed (cm/min),24.6667,10.2045,2.7331
360,Welding speed,5,Welding speed (cm/min),25.0,10.2085,2.6931
361,Welding speed,5,Welding speed (cm/min),25.3333,10.2052,2.6678
362,Welding speed,5,Welding speed (cm/min),25.6667,10.1586,2.6572
363,Welding speed,5,Welding speed (cm/min),26.0,10.1675,2.6366
364,Welding speed,5,Welding speed (cm/min),26.3333,10.1581,2.6162
365,Welding speed,5,Welding speed (cm/min),26.6667,10.1595,2.597
366,Welding speed,5,Welding speed (cm/min),27.0,10.116,2.5677
367,Welding speed,5,Welding speed (cm/min),27.3333,10.1227,2.551
368,Welding speed,5,Welding speed (cm/min),27.6667,10.0958,2.5367
369,Welding speed,5,Welding speed (cm/min),28.0,10.0908,2.5209
370,Welding speed,5,Welding speed (cm/min),28.3333,10.0855,2.4978
371,Welding speed,5,Welding speed (cm/min),28.6667,10.0596,2.4704
372,Welding speed,5,Welding speed (cm/min),29.0,10.0408,2.4617
373,Welding speed,5,Welding speed (cm/min),29.3333,10.0303,2.4311
374,Welding speed,5,Welding speed (cm/min),29.6667,10.0457,2.4255
375,Welding speed,5,Welding speed (cm/min),30.0,10.0264,2.3979
376,Welding speed,6,Welding speed (cm/min),22.0,10.3531,2.843
377,Welding speed,6,Welding speed (cm/min),22.3333,10.3335,2.827
378,Welding speed,6,Welding speed (cm/min),22.6667,10.3386,2.8244
379,Welding speed,6,Welding speed (cm/min),23.0,10.3081,2.7878
380,Welding speed,6,Welding speed (cm/min),23.3333,10.3098,2.7722
381,Welding speed,6,Welding speed (cm/min),23.6667,10.2961,2.7571
382,Welding speed,6,Welding speed (cm/min),24.0,10.2783,2.7229
383,Welding speed,6,Welding speed (cm/min),24.3333,10.2775,2.7123
384,Welding speed,6,Welding speed (cm/min),24.6667,10.269,2.7055
385,Welding speed,6,Welding speed (cm/min),25.0,10.232,2.6603
386,Welding speed,6,Welding speed (cm/min),25.3333,10.2307,2.6506
387,Welding speed,6,Welding speed (cm/min),25.6667,10.2239,2.6279
388,Welding speed,6,Welding speed (cm/min),26.0,10.1995,2.6253
389,Welding speed,6,Welding speed (cm/min),26.3333,10.1899,2.5912
390,Welding speed,6,Welding speed (cm/min),26.6667,10.1859,2.5808
391,Welding speed,6,Welding speed (cm/min),27.0,10.1568,2.5618
392,Welding speed,6,Welding speed (cm/min),27.3333,10.1726,2.5356
393,Welding speed,6,Welding speed (cm/min),27.6667,10.1326,2.5354
394,Welding speed,6,Welding speed (cm/min),28.0,10.1224,2.4962
395,Welding speed,6,Welding speed (cm/min),28.3333,10.1164,2.4646
396,Welding speed,6,Welding speed (cm/min),28.6667,10.1061,2.4633
397,Welding speed,6,Welding speed (cm/min),29.0,10.0873,2.4295
398,Welding speed,6,Welding speed (cm/min),29.3333,10.0776,2.4095
399,Welding speed,6,Welding speed (cm/min),29.6667,10.0615,2.3902
400,Welding speed,6,Welding speed (cm/min),30.0,10.0394,2.3782
401,Welding speed,7,Welding speed (cm/min),22.0,10.392,2.7962
402,Welding speed,7,Welding speed (cm/min),22.3333,10.3691,2.814
403,Welding speed,7,Welding speed (cm/min),22.6667,10.3903,2.7844
404,Welding speed,7,Welding speed (cm/min),23.0,10.3768,2.7578
405,Welding speed,7,Welding speed (cm/min),23.3333,10.3456,2.7514
406,Welding speed,7,Welding speed (cm/min),23.6667,10.3423,2.7405
407,Welding speed,7,Welding speed (cm/min),24.0,10.3152,2.7094
408,Welding speed,7,Welding speed (cm/min),24.3333,10.3124,2.673
409,Welding speed,7,Welding speed (cm/min),24.6667,10.2946,2.6771
410,Welding speed,7,Welding speed (cm/min),25.0,10.2722,2.6509
411,Welding speed,7,Welding speed (cm/min),25.3333,10.2656,2.6281
412,Welding speed,7,Welding speed (cm/min),25.6667,10.2652,2.6116
413,Welding speed,7,Welding speed (cm/min),26.0,10.25,2.5774
414,Welding speed,7,Welding speed (cm/min),26.3333,10.2424,2.5873
415,Welding speed,7,Welding speed (cm/min),26.6667,10.2187,2.5574
416,Welding speed,7,Welding speed (cm/min),27.0,10.2282,2.5444
417,Welding speed,7,Welding speed (cm/min),27.3333,10.2089,2.5225
418,Welding speed,7,Welding speed (cm/min),27.6667,10.1835,2.4991
419,Welding speed,7,Welding speed (cm/min),28.0,10.1937,2.4888
420,Welding speed,7,Welding speed (cm/min),28.3333,10.1599,2.4563
421,Welding speed,7,Welding speed (cm/min),28.6667,10.1567,2.4299
422,Welding speed,7,Welding speed (cm/min),29.0,10.1298,2.4205
423,Welding speed,7,Welding speed (cm/min),29.3333,10.1331,2.4037
424,Welding speed,7,Welding speed (cm/min),29.6667,10.1017,2.3777
425,Welding speed,7,Welding speed (cm/min),30.0,10.0864,2.3587
426,Welding speed,8,Welding speed (cm/min),22.0,10.43,2.8007
427,Welding speed,8,Welding speed (cm/min),22.3333,10.4309,2.7707
428,Welding speed,8,Welding speed (cm/min),22.6667,10.4277,2.7644
429,Welding speed,8,Welding speed (cm/min),23.0,10.4059,2.7542
430,Welding speed,8,Welding speed (cm/min),23.3333,10.3938,2.7192
431,Welding speed,8,Welding speed (cm/min),23.6667,10.3865,2.7053
432,Welding speed,8,Welding speed (cm/min),24.0,10.3683,2.6797
433,Welding speed,8,Welding speed (cm/min),24.3333,10.3544,2.6538
434,Welding speed,8,Welding speed (cm/min),24.6667,10.3459,2.65
435,Welding speed,8,Welding speed (cm/min),25.0,10.3304,2.629
436,Welding speed,8,Welding speed (cm/min),25.3333,10.3255,2.6128
437,Welding speed,8,Welding speed (cm/min),25.6667,10.3045,2.5917
438,Welding speed,8,Welding speed (cm/min),26.0,10.2946,2.576
439,Welding speed,8,Welding speed (cm/min),26.3333,10.2767,2.5407
440,Welding speed,8,Welding speed (cm/min),26.6667,10.2641,2.534
441,Welding speed,8,Welding speed (cm/min),27.0,10.2475,2.5111
442,Welding speed,8,Welding speed (cm/min),27.3333,10.2399,2.4928
443,Welding speed,8,Welding speed (cm/min),27.6667,10.2299,2.4704
444,Welding speed,8,Welding speed (cm/min),28.0,10.2082,2.4541
445,Welding speed,8,Welding speed (cm/min),28.3333,10.2137,2.4293
446,Welding speed,8,Welding speed (cm/min),28.6667,10.1869,2.3968
447,Welding speed,8,Welding speed (cm/min),29.0,10.1707,2.4018
448,Welding speed,8,Welding speed (cm/min),29.3333,10.1772,2.3767
449,Welding speed,8,Welding speed (cm/min),29.6667,10.1461,2.367
450,Welding speed,8,Welding speed (cm/min),30.0,10.1453,2.3411
451,Welding speed,9,Welding speed (cm/min),22.0,10.4711,2.7661
452,Welding speed,9,Welding speed (cm/min),22.3333,10.4781,2.7629
453,Welding speed,9,Welding speed (cm/min),22.6667,10.4646,2.7363
454,Welding speed,9,Welding speed (cm/min),23.0,10.4481,2.7232
455,Welding speed,9,Welding speed (cm/min),23.3333,10.4294,2.7044
456,Welding speed,9,Welding speed (cm/min),23.6667,10.4195,2.6844
457,Welding speed,9,Welding speed (cm/min),24.0,10.4111,2.6687
458,Welding speed,9,Welding speed (cm/min),24.3333,10.4104,2.6434
459,Welding speed,9,Welding speed (cm/min),24.6667,10.4002,2.6286
460,Welding speed,9,Welding speed (cm/min),25.0,10.3758,2.6108
461,Welding speed,9,Welding speed (cm/min),25.3333,10.3621,2.591
462,Welding speed,9,Welding speed (cm/min),25.6667,10.3381,2.5625
463,Welding speed,9,Welding speed (cm/min),26.0,10.3429,2.5642
464,Welding speed,9,Welding speed (cm/min),26.3333,10.3222,2.5431
465,Welding speed,9,Welding speed (cm/min),26.6667,10.3156,2.5132
466,Welding speed,9,Welding speed (cm/min),27.0,10.3056,2.4833
467,Welding speed,9,Welding speed (cm/min),27.3333,10.2828,2.4701
468,Welding speed,9,Welding speed (cm/min),27.6667,10.2662,2.4534
469,Welding speed,9,Welding speed (cm/min),28.0,10.2721,2.4461
470,Welding speed,9,Welding speed (cm/min),28.3333,10.2431,2.4115
471,Welding speed,9,Welding speed (cm/min),28.6667,10.2177,2.4028
472,Welding speed,9,Welding speed (cm/min),29.0,10.2021,2.3688
473,Welding speed,9,Welding speed (cm/min),29.3333,10.2116,2.3448
474,Welding speed,9,Welding speed (cm/min),29.6667,10.1859,2.3452
475,Welding speed,9,Welding speed (cm/min),30.0,10.1712,2.3066
476,Welding speed,10,Welding speed (cm/min),22.0,10.5387,2.7603
477,Welding speed,10,Welding speed (cm/min),22.3333,10.5235,2.7355
478,Welding speed,10,Welding speed (cm/min),22.6667,10.5181,2.7077
479,Welding speed,10,Welding speed (cm/min),23.0,10.5179,2.7037
480,Welding speed,10,Welding speed (cm/min),23.3333,10.4751,2.6823
481,Welding speed,10,Welding speed (cm/min),23.6667,10.4423,2.6598
482,Welding speed,10,Welding speed (cm/min),24.0,10.4477,2.6414
483,Welding speed,10,Welding speed (cm/min),24.3333,10.4372,2.6353
484,Welding speed,10,Welding speed (cm/min),24.6667,10.4248,2.6113
485,Welding speed,10,Welding speed (cm/min),25.0,10.4149,2.5859
486,Welding speed,10,Welding speed (cm/min),25.3333,10.4311,2.5728
487,Welding speed,10,Welding speed (cm/min),25.6667,10.3929,2.5484
488,Welding speed,10,Welding speed (cm/min),26.0,10.3783,2.5466
489,Welding speed,10,Welding speed (cm/min),26.3333,10.3644,2.5011
490,Welding speed,10,Welding speed (cm/min),26.6667,10.3321,2.4913
491,Welding speed,10,Welding speed (cm/min),27.0,10.3355,2.4672
492,Welding speed,10,Welding speed (cm/min),27.3333,10.3285,2.4588
493,Welding speed,10,Welding speed (cm/min),27.6667,10.3266,2.4348
494,Welding speed,10,Welding speed (cm/min),28.0,10.2947,2.4123
495,Welding speed,10,Welding speed (cm/min),28.3333,10.2824,2.3941
496,Welding speed,10,Welding speed (cm/min),28.6667,10.2906,2.3641
497,Welding speed,10,Welding speed (cm/min),29.0,10.2579,2.3599
498,Welding speed,10,Welding speed (cm/min),29.3333,10.2302,2.3265
499,Welding speed,10,Welding speed (cm/min),29.6667,10.2155,2.3241
500,Welding speed,10,Welding speed (cm/min),30.0,10.2116,2.29
501,Weaving frequency,1,Weaving frequency (Hz),2.0,10.0,2.735
502,Weaving frequency,1,Weaving frequency (Hz),2.0833,10.0082,2.7107
503,Weaving frequency,1,Weaving frequency (Hz),2.1667,10.0264,2.6994
504,Weaving frequency,1,Weaving frequency (Hz),2.25,10.0531,2.6922
505,Weaving frequency,1,Weaving frequency (Hz),2.3333,10.0871,2.669
506,Weaving frequency,1,Weaving frequency (Hz),2.4167,10.0799,2.658
507,Weaving frequency,1,Weaving frequency (Hz),2.5,10.1062,2.6296
508,Weaving frequency,1,Weaving frequency (Hz),2.5833,10.116,2.624
509,Weaving frequency,1,Weaving frequency (Hz),2.6667,10.1075,2.6109
510,Weaving frequency,1,Weaving frequency (Hz),2.75,10.1385,2.6009
511,Weaving frequency,1,Weaving frequency (Hz),2.8333,10.1258,2.575
512,Weaving frequency,1,Weaving frequency (Hz),2.9167,10.1461,2.5625
513,Weaving frequency,1,Weaving frequency (Hz),3.0,10.1477,2.5635
514,Weaving frequency,1,Weaving frequency (Hz),3.0833,10.1518,2.5355
515,Weaving frequency,1,Weaving frequency (Hz),3.1667,10.1495,2.5241
516,Weaving frequency,1,Weaving frequency (Hz),3.25,10.1647,2.5143
517,Weaving frequency,1,Weaving frequency (Hz),3.3333,10.151,2.4863
518,Weaving frequency,1,Weaving frequency (Hz),3.4167,10.156,2.474
519,Weaving frequency,1,Weaving frequency (Hz),3.5,10.1683,2.4648
520,Weaving frequency,1,Weaving frequency (Hz),3.5833,10.1941,2.4417
521,Weaving frequency,1,Weaving frequency (Hz),3.6667,10.1756,2.432
522,Weaving frequency,1,Weaving frequency (Hz),3.75,10.1856,2.4266
523,Weaving frequency,1,Weaving frequency (Hz),3.8333,10.1904,2.4021
524,Weaving frequency,1,Weaving frequency (Hz),3.9167,10.1875,2.3859
525,Weaving frequency,1,Weaving frequency (Hz),4.0,10.1774,2.3715
526,Weaving frequency,2,Weaving frequency (Hz),2.0,10.0265,2.7166
527,Weaving frequency,2,Weaving frequency (Hz),2.0833,10.06,2.6976
528,Weaving frequency,2,Weaving frequency (Hz),2.1667,10.0616,2.691
529,Weaving frequency,2,Weaving frequency (Hz),2.25,10.0792,2.6815
530,Weaving frequency,2,Weaving frequency (Hz),2.3333,10.1042,2.6521
531,Weaving frequency,2,Weaving frequency (Hz),2.4167,10.0989,2.6439
532,Weaving frequency,2,Weaving frequency (Hz),2.5,10.1297,2.6284
533,Weaving frequency,2,Weaving frequency (Hz),2.5833,10.1365,2.6063
534,Weaving frequency,2,Weaving frequency (Hz),2.6667,10.1453,2.59
535,Weaving frequency,2,Weaving frequency (Hz),2.75,10.1491,2.5748
536,Weaving frequency,2,Weaving frequency (Hz),2.8333,10.1695,2.57
537,Weaving frequency,2,Weaving frequency (Hz),2.9167,10.1717,2.5352
538,Weaving frequency,2,Weaving frequency (Hz),3.0,10.1866,2.5397
539,Weaving frequency,2,Weaving frequency (Hz),3.0833,10.1909,2.5253
540,Weaving frequency,2,Weaving frequency (Hz),3.1667,10.1985,2.5101
541,Weaving frequency,2,Weaving frequency (Hz),3.25,10.1938,2.4867
542,Weaving frequency,2,Weaving frequency (Hz),3.3333,10.1937,2.4755
543,Weaving frequency,2,Weaving frequency (Hz),3.4167,10.2032,2.4479
544,Weaving frequency,2,Weaving frequency (Hz),3.5,10.2109,2.439
545,Weaving frequency,2,Weaving frequency (Hz),3.5833,10.2145,2.4324
546,Weaving frequency,2,Weaving frequency (Hz),3.6667,10.2178,2.4133
547,Weaving frequency,2,Weaving frequency (Hz),3.75,10.2111,2.3917
548,Weaving frequency,2,Weaving frequency (Hz),3.8333,10.2061,2.3808
549,Weaving frequency,2,Weaving frequency (Hz),3.9167,10.2198,2.3717
550,Weaving frequency,2,Weaving frequency (Hz),4.0,10.2225,2.3531
551,Weaving frequency,3,Weaving frequency (Hz),2.0,10.0695,2.6843
552,Weaving frequency,3,Weaving frequency (Hz),2.0833,10.0737,2.671
553,Weaving frequency,3,Weaving frequency (Hz),2.1667,10.1062,2.6654
554,Weaving frequency,3,Weaving frequency (Hz),2.25,10.1336,2.6468
555,Weaving frequency,3,Weaving frequency (Hz),2.3333,10.1257,2.6353
556,Weaving frequency,3,Weaving frequency (Hz),2.4167,10.1569,2.6237
557,Weaving frequency,3,Weaving frequency (Hz),2.5,10.1564,2.6103
558,Weaving frequency,3,Weaving frequency (Hz),2.5833,10.186,2.5806
559,Weaving frequency,3,Weaving frequency (Hz),2.6667,10.1849,2.5859
560,Weaving frequency,3,Weaving frequency (Hz),2.75,10.1949,2.5603
561,Weaving frequency,3,Weaving frequency (Hz),2.8333,10.2043,2.5444
562,Weaving frequency,3,Weaving frequency (Hz),2.9167,10.2164,2.5261
563,Weaving frequency,3,Weaving frequency (Hz),3.0,10.2162,2.523
564,Weaving frequency,3,Weaving frequency (Hz),3.0833,10.2355,2.4955
565,Weaving frequency,3,Weaving frequency (Hz),3.1667,10.2277,2.4935
566,Weaving frequency,3,Weaving frequency (Hz),3.25,10.2363,2.4647
567,Weaving frequency,3,Weaving frequency (Hz),3.3333,10.251,2.4579
568,Weaving frequency,3,Weaving frequency (Hz),3.4167,10.2342,2.4455
569,Weaving frequency,3,Weaving frequency (Hz),3.5,10.2529,2.4232
570,Weaving frequency,3,Weaving frequency (Hz),3.5833,10.2563,2.4072
571,Weaving frequency,3,Weaving frequency (Hz),3.6667,10.2656,2.3962
572,Weaving frequency,3,Weaving frequency (Hz),3.75,10.2441,2.381
573,Weaving frequency,3,Weaving frequency (Hz),3.8333,10.2755,2.3739
574,Weaving frequency,3,Weaving frequency (Hz),3.9167,10.2576,2.3529
575,Weaving frequency,3,Weaving frequency (Hz),4.0,10.2446,2.3234
576,Weaving frequency,4,Weaving frequency (Hz),2.0,10.07,2.672
577,Weaving frequency,4,Weaving frequency (Hz),2.0833,10.118,2.6579
578,Weaving frequency,4,Weaving frequency (Hz),2.1667,10.1458,2.629
579,Weaving frequency,4,Weaving frequency (Hz),2.25,10.1494,2.6276
580,Weaving frequency,4,Weaving frequency (Hz),2.3333,10.1567,2.6162
581,Weaving frequency,4,Weaving frequency (Hz),2.4167,10.1897,2.5907
582,Weaving frequency,4,Weaving frequency (Hz),2.5,10.2079,2.5958
583,Weaving frequency,4,Weaving frequency (Hz),2.5833,10.2214,2.5674
584,Weaving frequency,4,Weaving frequency (Hz),2.6667,10.219,2.5611
585,Weaving frequency,4,Weaving frequency (Hz),2.75,10.2366,2.5467
586,Weaving frequency,4,Weaving frequency (Hz),2.8333,10.2305,2.5322
587,Weaving frequency,4,Weaving frequency (Hz),2.9167,10.2322,2.5104
588,Weaving frequency,4,Weaving frequency (Hz),3.0,10.2563,2.507
589,Weaving frequency,4,Weaving frequency (Hz),3.0833,10.2474,2.4829
590,Weaving frequency,4,Weaving frequency (Hz),3.1667,10.2717,2.4706
591,Weaving frequency,4,Weaving frequency (Hz),3.25,10.247,2.4593
592,Weaving frequency,4,Weaving frequency (Hz),3.3333,10.2828,2.4337
593,Weaving frequency,4,Weaving frequency (Hz),3.4167,10.2804,2.4288
594,Weaving frequency,4,Weaving frequency (Hz),3.5,10.2787,2.4061
595,Weaving frequency,4,Weaving frequency (Hz),3.5833,10.2837,2.3951
596,Weaving frequency,4,Weaving frequency (Hz),3.6667,10.2881,2.3794
597,Weaving frequency,4,Weaving frequency (Hz),3.75,10.2788,2.3625
598,Weaving frequency,4,Weaving frequency (Hz),3.8333,10.2814,2.3585
599,Weaving frequency,4,Weaving frequency (Hz),3.9167,10.2861,2.3459
600,Weaving frequency,4,Weaving frequency (Hz),4.0,10.2904,2.3186
601,Weaving frequency,5,Weaving frequency (Hz),2.0,10.1388,2.6543
602,Weaving frequency,5,Weaving frequency (Hz),2.0833,10.1543,2.6462
603,Weaving frequency,5,Weaving frequency (Hz),2.1667,10.1791,2.6218
604,Weaving frequency,5,Weaving frequency (Hz),2.25,10.1855,2.6
605,Weaving frequency,5,Weaving frequency (Hz),2.3333,10.2226,2.6011
606,Weaving frequency,5,Weaving frequency (Hz),2.4167,10.2267,2.5752
607,Weaving frequency,5,Weaving frequency (Hz),2.5,10.2344,2.5747
608,Weaving frequency,5,Weaving frequency (Hz),2.5833,10.2741,2.5619
609,Weaving frequency,5,Weaving frequency (Hz),2.6667,10.2579,2.5368
610,Weaving frequency,5,Weaving frequency (Hz),2.75,10.2565,2.526
611,Weaving frequency,5,Weaving frequency (Hz),2.8333,10.2688,2.5186
612,Weaving frequency,5,Weaving frequency (Hz),2.9167,10.2866,2.504
613,Weaving frequency,5,Weaving frequency (Hz),3.0,10.2775,2.4717
614,Weaving frequency,5,Weaving frequency (Hz),3.0833,10.2828,2.4588
615,Weaving frequency,5,Weaving frequency (Hz),3.1667,10.3022,2.4498
616,Weaving frequency,5,Weaving frequency (Hz),3.25,10.3114,2.4349
617,Weaving frequency,5,Weaving frequency (Hz),3.3333,10.3046,2.428
618,Weaving frequency,5,Weaving frequency (Hz),3.4167,10.2995,2.3993
619,Weaving frequency,5,Weaving frequency (Hz),3.5,10.3148,2.3983
620,Weaving frequency,5,Weaving frequency (Hz),3.5833,10.3058,2.3654
621,Weaving frequency,5,Weaving frequency (Hz),3.6667,10.312,2.3653
622,Weaving frequency,5,Weaving frequency (Hz),3.75,10.3227,2.34
623,Weaving frequency,5,Weaving frequency (Hz),3.8333,10.3246,2.3334
624,Weaving frequency,5,Weaving frequency (Hz),3.9167,10.3354,2.3132
625,Weaving frequency,5,Weaving frequency (Hz),4.0,10.3315,2.304
626,Weaving frequency,6,Weaving frequency (Hz),2.0,10.1599,2.6241
627,Weaving frequency,6,Weaving frequency (Hz),2.0833,10.1928,2.6225
628,Weaving frequency,6,Weaving frequency (Hz),2.1667,10.2128,2.6081
629,Weaving frequency,6,Weaving frequency (Hz),2.25,10.2342,2.605
630,Weaving frequency,6,Weaving frequency (Hz),2.3333,10.2445,2.5668
631,Weaving frequency,6,Weaving frequency (Hz),2.4167,10.2511,2.5742
632,Weaving frequency,6,Weaving frequency (Hz),2.5,10.2629,2.5614
633,Weaving frequency,6,Weaving frequency (Hz),2.5833,10.2867,2.5499
634,Weaving frequency,6,Weaving frequency (Hz),2.6667,10.2938,2.5204
635,Weaving frequency,6,Weaving frequency (Hz),2.75,10.2893,2.5147
636,Weaving frequency,6,Weaving frequency (Hz),2.8333,10.31,2.4875
637,Weaving frequency,6,Weaving frequency (Hz),2.9167,10.2989,2.4686
638,Weaving frequency,6,Weaving frequency (Hz),3.0,10.327,2.4589
639,Weaving frequency,6,Weaving frequency (Hz),3.0833,10.3179,2.4544
640,Weaving frequency,6,Weaving frequency (Hz),3.1667,10.3284,2.4203
641,Weaving frequency,6,Weaving frequency (Hz),3.25,10.332,2.4162
642,Weaving frequency,6,Weaving frequency (Hz),3.3333,10.3271,2.4118
643,Weaving frequency,6,Weaving frequency (Hz),3.4167,10.3373,2.3791
644,Weaving frequency,6,Weaving frequency (Hz),3.5,10.3493,2.3703
645,Weaving frequency,6,Weaving frequency (Hz),3.5833,10.3575,2.3526
646,Weaving frequency,6,Weaving frequency (Hz),3.6667,10.3509,2.334
647,Weaving frequency,6,Weaving frequency (Hz),3.75,10.3528,2.3364
648,Weaving frequency,6,Weaving frequency (Hz),3.8333,10.3625,2.3091
649,Weaving frequency,6,Weaving frequency (Hz),3.9167,10.3522,2.3017
650,Weaving frequency,6,Weaving frequency (Hz),4.0,10.3526,2.2852
651,Weaving frequency,7,Weaving frequency (Hz),2.0,10.2217,2.6175
652,Weaving frequency,7,Weaving frequency (Hz),2.0833,10.2337,2.6105
653,Weaving frequency,7,Weaving frequency (Hz),2.1667,10.2469,2.5902
654,Weaving frequency,7,Weaving frequency (Hz),2.25,10.2599,2.5708
655,Weaving frequency,7,Weaving frequency (Hz),2.3333,10.2734,2.556
656,Weaving frequency,7,Weaving frequency (Hz),2.4167,10.2916,2.5482
657,Weaving frequency,7,Weaving frequency (Hz),2.5,10.3204,2.5353
658,Weaving frequency,7,Weaving frequency (Hz),2.5833,10.3263,2.5176
659,Weaving frequency,7,Weaving frequency (Hz),2.6667,10.3268,2.5102
660,Weaving frequency,7,Weaving frequency (Hz),2.75,10.3453,2.4955
661,Weaving frequency,7,Weaving frequency (Hz),2.8333,10.3407,2.4741
662,Weaving frequency,7,Weaving frequency (Hz),2.9167,10.3535,2.4592
663,Weaving frequency,7,Weaving frequency (Hz),3.0,10.3556,2.4393
664,Weaving frequency,7,Weaving frequency (Hz),3.0833,10.3676,2.4359
665,Weaving frequency,7,Weaving frequency (Hz),3.1667,10.3695,2.4185
666,Weaving frequency,7,Weaving frequency (Hz),3.25,10.3892,2.4034
667,Weaving frequency,7,Weaving frequency (Hz),3.3333,10.3862,2.3946
668,Weaving frequency,7,Weaving frequency (Hz),3.4167,10.3915,2.376
669,Weaving frequency,7,Weaving frequency (Hz),3.5,10.3744,2.3498
670,Weaving frequency,7,Weaving frequency (Hz),3.5833,10.3979,2.3342
671,Weaving frequency,7,Weaving frequency (Hz),3.6667,10.3932,2.3065
672,Weaving frequency,7,Weaving frequency (Hz),3.75,10.3956,2.3026
673,Weaving frequency,7,Weaving frequency (Hz),3.8333,10.3959,2.2985
674,Weaving frequency,7,Weaving frequency (Hz),3.9167,10.4092,2.2811
675,Weaving frequency,7,Weaving frequency (Hz),4.0,10.3918,2.2648
676,Weaving frequency,8,Weaving frequency (Hz),2.0,10.2375,2.5931
677,Weaving frequency,8,Weaving frequency (Hz),2.0833,10.2565,2.5791
678,Weaving frequency,8,Weaving frequency (Hz),2.1667,10.2977,2.5724
679,Weaving frequency,8,Weaving frequency (Hz),2.25,10.3014,2.5597
680,Weaving frequency,8,Weaving frequency (Hz),2.3333,10.326,2.5413
681,Weaving frequency,8,Weaving frequency (Hz),2.4167,10.3289,2.5265
682,Weaving frequency,8,Weaving frequency (Hz),2.5,10.33,2.5083
683,Weaving frequency,8,Weaving frequency (Hz),2.5833,10.3675,2.5148
684,Weaving frequency,8,Weaving frequency (Hz),2.6667,10.3693,2.4871
685,Weaving frequency,8,Weaving frequency (Hz),2.75,10.3518,2.4707
686,Weaving frequency,8,Weaving frequency (Hz),2.8333,10.3857,2.4596
687,Weaving frequency,8,Weaving frequency (Hz),2.9167,10.3978,2.4345
688,Weaving frequency,8,Weaving frequency (Hz),3.0,10.404,2.4205
689,Weaving frequency,8,Weaving frequency (Hz),3.0833,10.4047,2.4102
690,Weaving frequency,8,Weaving frequency (Hz),3.1667,10.4004,2.3937
691,Weaving frequency,8,Weaving frequency (Hz),3.25,10.4068,2.3806
692,Weaving frequency,8,Weaving frequency (Hz),3.3333,10.406,2.3649
693,Weaving frequency,8,Weaving frequency (Hz),3.4167,10.3976,2.3495
694,Weaving frequency,8,Weaving frequency (Hz),3.5,10.4084,2.3351
695,Weaving frequency,8,Weaving frequency (Hz),3.5833,10.4186,2.3141
696,Weaving frequency,8,Weaving frequency (Hz),3.6667,10.4146,2.3176
697,Weaving frequency,8,Weaving frequency (Hz),3.75,10.4117,2.2949
698,Weaving frequency,8,Weaving frequency (Hz),3.8333,10.4132,2.2824
699,Weaving frequency,8,Weaving frequency (Hz),3.9167,10.435,2.2677
700,Weaving frequency,8,Weaving frequency (Hz),4.0,10.4244,2.2445
701,Weaving frequency,9,Weaving frequency (Hz),2.0,10.2719,2.583
702,Weaving frequency,9,Weaving frequency (Hz),2.0833,10.2949,2.5595
703,Weaving frequency,9,Weaving frequency (Hz),2.1667,10.317,2.5434
704,Weaving frequency,9,Weaving frequency (Hz),2.25,10.3299,2.5429
705,Weaving frequency,9,Weaving frequency (Hz),2.3333,10.3559,2.5188
706,Weaving frequency,9,Weaving frequency (Hz),2.4167,10.3782,2.5103
707,Weaving frequency,9,Weaving frequency (Hz),2.5,10.38,2.4955
708,Weaving frequency,9,Weaving frequency (Hz),2.5833,10.3832,2.4745
709,Weaving frequency,9,Weaving frequency (Hz),2.6667,10.4079,2.4638
710,Weaving frequency,9,Weaving frequency (Hz),2.75,10.3965,2.4475
711,Weaving frequency,9,Weaving frequency (Hz),2.8333,10.4188,2.4336
712,Weaving frequency,9,Weaving frequency (Hz),2.9167,10.4307,2.4192
713,Weaving frequency,9,Weaving frequency (Hz),3.0,10.416,2.4006
714,Weaving frequency,9,Weaving frequency (Hz),3.0833,10.4298,2.3907
715,Weaving frequency,9,Weaving frequency (Hz),3.1667,10.4345,2.3857
716,Weaving frequency,9,Weaving frequency (Hz),3.25,10.4318,2.3588
717,Weaving frequency,9,Weaving frequency (Hz),3.3333,10.4403,2.3372
718,Weaving frequency,9,Weaving frequency (Hz),3.4167,10.4573,2.3278
719,Weaving frequency,9,Weaving frequency (Hz),3.5,10.4596,2.3155
720,Weaving frequency,9,Weaving frequency (Hz),3.5833,10.4512,2.2961
721,Weaving frequency,9,Weaving frequency (Hz),3.6667,10.4543,2.2802
722,Weaving frequency,9,Weaving frequency (Hz),3.75,10.4756,2.2861
723,Weaving frequency,9,Weaving frequency (Hz),3.8333,10.4744,2.2503
724,Weaving frequency,9,Weaving frequency (Hz),3.9167,10.4614,2.2435
725,Weaving frequency,9,Weaving frequency (Hz),4.0,10.4688,2.228
726,Weaving frequency,10,Weaving frequency (Hz),2.0,10.3098,2.5559
727,Weaving frequency,10,Weaving frequency (Hz),2.0833,10.3417,2.5384
728,Weaving frequency,10,Weaving frequency (Hz),2.1667,10.351,2.5378
729,Weaving frequency,10,Weaving frequency (Hz),2.25,10.3669,2.519
730,Weaving frequency,10,Weaving frequency (Hz),2.3333,10.3811,2.5029
731,Weaving frequency,10,Weaving frequency (Hz),2.4167,10.3974,2.4976
732,Weaving frequency,10,Weaving frequency (Hz),2.5,10.4164,2.4671
733,Weaving frequency,10,Weaving frequency (Hz),2.5833,10.414,2.4669
734,Weaving frequency,10,Weaving frequency (Hz),2.6667,10.4404,2.4587
735,Weaving frequency,10,Weaving frequency (Hz),2.75,10.4335,2.4373
736,Weaving frequency,10,Weaving frequency (Hz),2.8333,10.4297,2.4337
737,Weaving frequency,10,Weaving frequency (Hz),2.9167,10.4527,2.4024
738,Weaving frequency,10,Weaving frequency (Hz),3.0,10.4587,2.3875
739,Weaving frequency,10,Weaving frequency (Hz),3.0833,10.4524,2.3665
740,Weaving frequency,10,Weaving frequency (Hz),3.1667,10.4599,2.365
741,Weaving frequency,10,Weaving frequency (Hz),3.25,10.4739,2.3511
742,Weaving frequency,10,Weaving frequency (Hz),3.3333,10.4924,2.3189
743,Weaving frequency,10,Weaving frequency (Hz),3.4167,10.4805,2.3245
744,Weaving frequency,10,Weaving frequency (Hz),3.5,10.4816,2.2904
745,Weaving frequency,10,Weaving frequency (Hz),3.5833,10.4975,2.2774
746,Weaving frequency,10,Weaving frequency (Hz),3.6667,10.4916,2.2608
747,Weaving frequency,10,Weaving frequency (Hz),3.75,10.4862,2.2453
748,Weaving frequency,10,Weaving frequency (Hz),3.8333,10.5061,2.2419
749,Weaving frequency,10,Weaving frequency (Hz),3.9167,10.5006,2.2188
750,Weaving frequency,10,Weaving frequency (Hz),4.0,10.4995,2.1917
751,Weaving amplitude,1,Weaving amplitude (mm),1.0,6.2184,3.5546
752,Weaving amplitude,1,Weaving amplitude (mm),1.1249,6.5,3.3948
753,Weaving amplitude,1,Weaving amplitude (mm),1.2501,6.8917,3.2166
754,Weaving amplitude,1,Weaving amplitude (mm),1.375,7.0781,3.1085
755,Weaving amplitude,1,Weaving amplitude (mm),1.4999,7.4019,3.0154
756,Weaving amplitude,1,Weaving amplitude (mm),1.6251,7.8041,2.8703
757,Weaving amplitude,1,Weaving amplitude (mm),1.75,8.1242,2.7997
758,Weaving amplitude,1,Weaving amplitude (mm),1.875,8.4234,2.702
759,Weaving amplitude,1,Weaving amplitude (mm),2.0,8.8251,2.633
760,Weaving amplitude,1,Weaving amplitude (mm),2.125,9.2141,2.5446
761,Weaving amplitude,1,Weaving amplitude (mm),2.25,9.4947,2.473
762,Weaving amplitude,1,Weaving amplitude (mm),2.375,9.9824,2.4682
763,Weaving amplitude,1,Weaving amplitude (mm),2.5,10.2146,2.4233
764,Weaving amplitude,1,Weaving amplitude (mm),2.625,10.4599,2.3255
765,Weaving amplitude,1,Weaving amplitude (mm),2.75,10.7342,2.3172
766,Weaving amplitude,1,Weaving amplitude (mm),2.875,11.0218,2.2962
767,Weaving amplitude,1,Weaving amplitude (mm),3.0,11.079,2.2359
768,Weaving amplitude,1,Weaving amplitude (mm),3.125,11.2991,2.2476
769,Weaving amplitude,1,Weaving amplitude (mm),3.25,11.4186,2.2044
770,Weaving amplitude,1,Weaving amplitude (mm),3.375,11.7895,2.1618
771,Weaving amplitude,1,Weaving amplitude (mm),3.5,12.1073,2.172
772,Weaving amplitude,1,Weaving amplitude (mm),3.625,12.2174,2.1725
773,Weaving amplitude,1,Weaving amplitude (mm),3.75,12.5313,2.1464
774,Weaving amplitude,1,Weaving amplitude (mm),3.875,12.6446,2.12
775,Weaving amplitude,1,Weaving amplitude (mm),4.0,12.9977,2.1328
776,Weaving amplitude,2,Weaving amplitude (mm),1.0,6.2559,3.5167
777,Weaving amplitude,2,Weaving amplitude (mm),1.1249,6.5443,3.3453
778,Weaving amplitude,2,Weaving amplitude (mm),1.2501,6.8872,3.1947
779,Weaving amplitude,2,Weaving amplitude (mm),1.375,7.1239,3.0907
780,Weaving amplitude,2,Weaving amplitude (mm),1.4999,7.6123,2.9436
781,Weaving amplitude,2,Weaving amplitude (mm),1.6251,7.7817,2.8295
782,Weaving amplitude,2,Weaving amplitude (mm),1.75,8.2997,2.754
783,Weaving amplitude,2,Weaving amplitude (mm),1.875,8.5502,2.6792
784,Weaving amplitude,2,Weaving amplitude (mm),2.0,8.9112,2.6081
785,Weaving amplitude,2,Weaving amplitude (mm),2.125,9.345,2.5213
786,Weaving amplitude,2,Weaving amplitude (mm),2.25,9.6125,2.486
787,Weaving amplitude,2,Weaving amplitude (mm),2.375,10.0694,2.4208
788,Weaving amplitude,2,Weaving amplitude (mm),2.5,10.3523,2.3776
789,Weaving amplitude,2,Weaving amplitude (mm),2.625,10.5674,2.3525
790,Weaving amplitude,2,Weaving amplitude (mm),2.75,10.8401,2.2946
791,Weaving amplitude,2,Weaving amplitude (mm),2.875,10.9966,2.2698
792,Weaving amplitude,2,Weaving amplitude (mm),3.0,11.1556,2.2258
793,Weaving amplitude,2,Weaving amplitude (mm),3.125,11.3648,2.2006
794,Weaving amplitude,2,Weaving amplitude (mm),3.25,11.6621,2.2205
795,Weaving amplitude,2,Weaving amplitude (mm),3.375,11.8649,2.1909
796,Weaving amplitude,2,Weaving amplitude (mm),3.5,12.1155,2.1145
797,Weaving amplitude,2,Weaving amplitude (mm),3.625,12.1795,2.1533
798,Weaving amplitude,2,Weaving amplitude (mm),3.75,12.4163,2.0943
799,Weaving amplitude,2,Weaving amplitude (mm),3.875,12.7229,2.1348
800,Weaving amplitude,2,Weaving amplitude (mm),4.0,12.9839,2.0954
801,Weaving amplitude,3,Weaving amplitude (mm),1.0,6.2235,3.4704
802,Weaving amplitude,3,Weaving amplitude (mm),1.1249,6.5537,3.3231
803,Weaving amplitude,3,Weaving amplitude (mm),1.2501,7.0298,3.2131
804,Weaving amplitude,3,Weaving amplitude (mm),1.375,7.2821,3.0694
805,Weaving amplitude,3,Weaving amplitude (mm),1.4999,7.5589,2.9509
806,Weaving amplitude,3,Weaving amplitude (mm),1.6251,7.9874,2.811
807,Weaving amplitude,3,Weaving amplitude (mm),1.75,8.2472,2.7315
808,Weaving amplitude,3,Weaving amplitude (mm),1.875,8.5379,2.6609
809,Weaving amplitude,3,Weaving amplitude (mm),2.0,8.9458,2.5725
810,Weaving amplitude,3,Weaving amplitude (mm),2.125,9.3532,2.4858
811,Weaving amplitude,3,Weaving amplitude (mm),2.25,9.5267,2.4648
812,Weaving amplitude,3,Weaving amplitude (mm),2.375,10.0069,2.4088
813,Weaving amplitude,3,Weaving amplitude (mm),2.5,10.3425,2.361
814,Weaving amplitude,3,Weaving amplitude (mm),2.625,10.6449,2.3151
815,Weaving amplitude,3,Weaving amplitude (mm),2.75,10.8808,2.3072
816,Weaving amplitude,3,Weaving amplitude (mm),2.875,11.0976,2.2742
817,Weaving amplitude,3,Weaving amplitude (mm),3.0,11.2954,2.2348
818,Weaving amplitude,3,Weaving amplitude (mm),3.125,11.4241,2.1756
819,Weaving amplitude,3,Weaving amplitude (mm),3.25,11.8353,2.2016
820,Weaving amplitude,3,Weaving amplitude (mm),3.375,11.9012,2.1696
821,Weaving amplitude,3,Weaving amplitude (mm),3.5,12.1639,2.1481
822,Weaving amplitude,3,Weaving amplitude (mm),3.625,12.4475,2.1027
823,Weaving amplitude,3,Weaving amplitude (mm),3.75,12.6306,2.0885
824,Weaving amplitude,3,Weaving amplitude (mm),3.875,12.8887,2.1065
825,Weaving amplitude,3,Weaving amplitude (mm),4.0,12.974,2.074
826,Weaving amplitude,4,Weaving amplitude (mm),1.0,6.3421,3.4812
827,Weaving amplitude,4,Weaving amplitude (mm),1.1249,6.5759,3.2828
828,Weaving amplitude,4,Weaving amplitude (mm),1.2501,7.0178,3.1757
829,Weaving amplitude,4,Weaving amplitude (mm),1.375,7.2383,2.993
830,Weaving amplitude,4,Weaving amplitude (mm),1.4999,7.6263,2.8827
831,Weaving amplitude,4,Weaving amplitude (mm),1.6251,7.9957,2.8193
832,Weaving amplitude,4,Weaving amplitude (mm),1.75,8.3677,2.7514
833,Weaving amplitude,4,Weaving amplitude (mm),1.875,8.6946,2.6532
834,Weaving amplitude,4,Weaving amplitude (mm),2.0,9.0571,2.5561
835,Weaving amplitude,4,Weaving amplitude (mm),2.125,9.527,2.4933
836,Weaving amplitude,4,Weaving amplitude (mm),2.25,9.7257,2.4334
837,Weaving amplitude,4,Weaving amplitude (mm),2.375,10.0848,2.3725
838,Weaving amplitude,4,Weaving amplitude (mm),2.5,10.4935,2.3298
839,Weaving amplitude,4,Weaving amplitude (mm),2.625,10.6483,2.3061
840,Weaving amplitude,4,Weaving amplitude (mm),2.75,10.8248,2.2542
841,Weaving amplitude,4,Weaving amplitude (mm),2.875,11.0817,2.2298
842,Weaving amplitude,4,Weaving amplitude (mm),3.0,11.2888,2.2098
843,Weaving amplitude,4,Weaving amplitude (mm),3.125,11.5907,2.1612
844,Weaving amplitude,4,Weaving amplitude (mm),3.25,11.8046,2.1211
845,Weaving amplitude,4,Weaving amplitude (mm),3.375,12.011,2.1461
846,Weaving amplitude,4,Weaving amplitude (mm),3.5,12.0868,2.1161
847,Weaving amplitude,4,Weaving amplitude (mm),3.625,12.4171,2.1355
848,Weaving amplitude,4,Weaving amplitude (mm),3.75,12.6885,2.0714
849,Weaving amplitude,4,Weaving amplitude (mm),3.875,12.8041,2.1083
850,Weaving amplitude,4,Weaving amplitude (mm),4.0,13.1048,2.0606
851,Weaving amplitude,5,Weaving amplitude (mm),1.0,6.5181,3.4741
852,Weaving amplitude,5,Weaving amplitude (mm),1.1249,6.7415,3.2947
853,Weaving amplitude,5,Weaving amplitude (mm),1.2501,6.8648,3.1176
854,Weaving amplitude,5,Weaving amplitude (mm),1.375,7.4864,3.0594
855,Weaving amplitude,5,Weaving amplitude (mm),1.4999,7.7565,2.8589
856,Weaving amplitude,5,Weaving amplitude (mm),1.6251,8.0443,2.8183
857,Weaving amplitude,5,Weaving amplitude (mm),1.75,8.4781,2.6623
858,Weaving amplitude,5,Weaving amplitude (mm),1.875,8.9227,2.6078
859,Weaving amplitude,5,Weaving amplitude (mm),2.0,9.206,2.5335
860,Weaving amplitude,5,Weaving amplitude (mm),2.125,9.5595,2.4775
861,Weaving amplitude,5,Weaving amplitude (mm),2.25,9.8591,2.403
862,Weaving amplitude,5,Weaving amplitude (mm),2.375,10.1816,2.3471
863,Weaving amplitude,5,Weaving amplitude (mm),2.5,10.6749,2.3099
864,Weaving amplitude,5,Weaving amplitude (mm),2.625,10.7957,2.2602
865,Weaving amplitude,5,Weaving amplitude (mm),2.75,11.0606,2.2577
866,Weaving amplitude,5,Weaving amplitude (mm),2.875,11.2986,2.2098
867,Weaving amplitude,5,Weaving amplitude (mm),3.0,11.3969,2.1485
868,Weaving amplitude,5,Weaving amplitude (mm),3.125,11.6946,2.1716
869,Weaving amplitude,5,Weaving amplitude (mm),3.25,11.8746,2.1278
870,Weaving amplitude,5,Weaving amplitude (mm),3.375,12.0297,2.1117
871,Weaving amplitude,5,Weaving amplitude (mm),3.5,12.2236,2.068
872,Weaving amplitude,5,Weaving amplitude (mm),3.625,12.5951,2.0514
873,Weaving amplitude,5,Weaving amplitude (mm),3.75,12.8582,2.0658
874,Weaving amplitude,5,Weaving amplitude (mm),3.875,12.9941,2.0754
875,Weaving amplitude,5,Weaving amplitude (mm),4.0,13.2498,2.0216
876,Weaving amplitude,6,Weaving amplitude (mm),1.0,6.5606,3.4674
877,Weaving amplitude,6,Weaving amplitude (mm),1.1249,6.7527,3.2527
878,Weaving amplitude,6,Weaving amplitude (mm),1.2501,7.2088,3.1015
879,Weaving amplitude,6,Weaving amplitude (mm),1.375,7.3204,3.0004
880,Weaving amplitude,6,Weaving amplitude (mm),1.4999,7.7874,2.8723
881,Weaving amplitude,6,Weaving amplitude (mm),1.6251,8.1197,2.7278
882,Weaving amplitude,6,Weaving amplitude (mm),1.75,8.5021,2.6404
883,Weaving amplitude,6,Weaving amplitude (mm),1.875,8.7779,2.6057
884,Weaving amplitude,6,Weaving amplitude (mm),2.0,9.2192,2.5059
885,Weaving amplitude,6,Weaving amplitude (mm),2.125,9.592,2.4684
886,Weaving amplitude,6,Weaving amplitude (mm),2.25,9.9111,2.4163
887,Weaving amplitude,6,Weaving amplitude (mm),2.375,10.3216,2.3459
888,Weaving amplitude,6,Weaving amplitude (mm),2.5,10.725,2.2804
889,Weaving amplitude,6,Weaving amplitude (mm),2.625,10.9256,2.2277
890,Weaving amplitude,6,Weaving amplitude (mm),2.75,11.0042,2.1899
891,Weaving amplitude,6,Weaving amplitude (mm),2.875,11.2369,2.19
892,Weaving amplitude,6,Weaving amplitude (mm),3.0,11.5647,2.1576
893,Weaving amplitude,6,Weaving amplitude (mm),3.125,11.6898,2.1191
894,Weaving amplitude,6,Weaving amplitude (mm),3.25,11.9788,2.0999
895,Weaving amplitude,6,Weaving amplitude (mm),3.375,12.1403,2.1
896,Weaving amplitude,6,Weaving amplitude (mm),3.5,12.3993,2.0575
897,Weaving amplitude,6,Weaving amplitude (mm),3.625,12.7166,2.0535
898,Weaving amplitude,6,Weaving amplitude (mm),3.75,12.7668,2.0043
899,Weaving amplitude,6,Weaving amplitude (mm),3.875,13.0141,1.992
900,Weaving amplitude,6,Weaving amplitude (mm),4.0,13.3134,1.9721
901,Weaving amplitude,7,Weaving amplitude (mm),1.0,6.4827,3.3897
902,Weaving amplitude,7,Weaving amplitude (mm),1.1249,6.7864,3.2382
903,Weaving amplitude,7,Weaving amplitude (mm),1.2501,7.0727,3.107
904,Weaving amplitude,7,Weaving amplitude (mm),1.375,7.4629,2.9343
905,Weaving amplitude,7,Weaving amplitude (mm),1.4999,7.7373,2.8716
906,Weaving amplitude,7,Weaving amplitude (mm),1.6251,8.1312,2.7365
907,Weaving amplitude,7,Weaving amplitude (mm),1.75,8.5482,2.6578
908,Weaving amplitude,7,Weaving amplitude (mm),1.875,8.7891,2.5484
909,Weaving amplitude,7,Weaving amplitude (mm),2.0,9.212,2.4967
910,Weaving amplitude,7,Weaving amplitude (mm),2.125,9.6744,2.388
911,Weaving amplitude,7,Weaving amplitude (mm),2.25,10.0148,2.3369
912,Weaving amplitude,7,Weaving amplitude (mm),2.375,10.4278,2.3066
913,Weaving amplitude,7,Weaving amplitude (mm),2.5,10.7256,2.2655
914,Weaving amplitude,7,Weaving amplitude (mm),2.625,11.0198,2.2263
915,Weaving amplitude,7,Weaving amplitude (mm),2.75,11.1928,2.1778
916,Weaving amplitude,7,Weaving amplitude (mm),2.875,11.3081,2.1581
917,Weaving amplitude,7,Weaving amplitude (mm),3.0,11.5836,2.096
918,Weaving amplitude,7,Weaving amplitude (mm),3.125,11.5941,2.1029
919,Weaving amplitude,7,Weaving amplitude (mm),3.25,12.0111,2.1135
920,Weaving amplitude,7,Weaving amplitude (mm),3.375,12.1521,2.0402
921,Weaving amplitude,7,Weaving amplitude (mm),3.5,12.4762,2.0291
922,Weaving amplitude,7,Weaving amplitude (mm),3.625,12.7354,2.0335
923,Weaving amplitude,7,Weaving amplitude (mm),3.75,13.0222,2.0403
924,Weaving amplitude,7,Weaving amplitude (mm),3.875,13.1953,1.9988
925,Weaving amplitude,7,Weaving amplitude (mm),4.0,13.355,1.9997
926,Weaving amplitude,8,Weaving amplitude (mm),1.0,6.6142,3.388
927,Weaving amplitude,8,Weaving amplitude (mm),1.1249,6.8962,3.2124
928,Weaving amplitude,8,Weaving amplitude (mm),1.2501,7.2049,3.0563
929,Weaving amplitude,8,Weaving amplitude (mm),1.375,7.5926,2.9293
930,Weaving amplitude,8,Weaving amplitude (mm),1.4999,7.8676,2.8391
931,Weaving amplitude,8,Weaving amplitude (mm),1.6251,8.2482,2.7506
932,Weaving amplitude,8,Weaving amplitude (mm),1.75,8.5581,2.5813
933,Weaving amplitude,8,Weaving amplitude (mm),1.875,8.9337,2.5164
934,Weaving amplitude,8,Weaving amplitude (mm),2.0,9.2764,2.4622
935,Weaving amplitude,8,Weaving amplitude (mm),2.125,9.5289,2.3549
936,Weaving amplitude,8,Weaving amplitude (mm),2.25,10.0269,2.3311
937,Weaving amplitude,8,Weaving amplitude (mm),2.375,10.5236,2.2774
938,Weaving amplitude,8,Weaving amplitude (mm),2.5,10.7919,2.2524
939,Weaving amplitude,8,Weaving amplitude (mm),2.625,10.9353,2.2007
940,Weaving amplitude,8,Weaving amplitude (mm),2.75,11.2322,2.1819
941,Weaving amplitude,8,Weaving amplitude (mm),2.875,11.4908,2.1433
942,Weaving amplitude,8,Weaving amplitude (mm),3.0,11.7046,2.1337
943,Weaving amplitude,8,Weaving amplitude (mm),3.125,11.8526,2.0642
944,Weaving amplitude,8,Weaving amplitude (mm),3.25,12.0723,2.0548
945,Weaving amplitude,8,Weaving amplitude (mm),3.375,12.3949,2.0269
946,Weaving amplitude,8,Weaving amplitude (mm),3.5,12.6404,2.0352
947,Weaving amplitude,8,Weaving amplitude (mm),3.625,12.7878,1.9768
948,Weaving amplitude,8,Weaving amplitude (mm),3.75,12.9423,2.0
949,Weaving amplitude,8,Weaving amplitude (mm),3.875,13.29,1.972
950,Weaving amplitude,8,Weaving amplitude (mm),4.0,13.3675,1.9506
951,Weaving amplitude,9,Weaving amplitude (mm),1.0,6.6466,3.3477
952,Weaving amplitude,9,Weaving amplitude (mm),1.1249,7.023,3.2174
953,Weaving amplitude,9,Weaving amplitude (mm),1.2501,7.2519,3.0334
954,Weaving amplitude,9,Weaving amplitude (mm),1.375,7.7262,2.9302
955,Weaving amplitude,9,Weaving amplitude (mm),1.4999,7.892,2.7706
956,Weaving amplitude,9,Weaving amplitude (mm),1.6251,8.4324,2.7271
957,Weaving amplitude,9,Weaving amplitude (mm),1.75,8.5398,2.5934
958,Weaving amplitude,9,Weaving amplitude (mm),1.875,9.1289,2.4977
959,Weaving amplitude,9,Weaving amplitude (mm),2.0,9.3436,2.4219
960,Weaving amplitude,9,Weaving amplitude (mm),2.125,9.6843,2.3814
961,Weaving amplitude,9,Weaving amplitude (mm),2.25,10.1392,2.2922
962,Weaving amplitude,9,Weaving amplitude (mm),2.375,10.5267,2.2271
963,Weaving amplitude,9,Weaving amplitude (mm),2.5,10.7946,2.2235
964,Weaving amplitude,9,Weaving amplitude (mm),2.625,11.1248,2.1728
965,Weaving amplitude,9,Weaving amplitude (mm),2.75,11.2226,2.1402
966,Weaving amplitude,9,Weaving amplitude (mm),2.875,11.5161,2.1298
967,Weaving amplitude,9,Weaving amplitude (mm),3.0,11.6597,2.0696
968,Weaving amplitude,9,Weaving amplitude (mm),3.125,11.8353,2.0653
969,Weaving amplitude,9,Weaving amplitude (mm),3.25,12.1563,2.0348
970,Weaving amplitude,9,Weaving amplitude (mm),3.375,12.3224,2.0044
971,Weaving amplitude,9,Weaving amplitude (mm),3.5,12.6647,1.9906
972,Weaving amplitude,9,Weaving amplitude (mm),3.625,12.9405,1.9923
973,Weaving amplitude,9,Weaving amplitude (mm),3.75,13.0855,1.9605
974,Weaving amplitude,9,Weaving amplitude (mm),3.875,13.2441,1.9305
975,Weaving amplitude,9,Weaving amplitude (mm),4.0,13.4532,1.9295
976,Weaving amplitude,10,Weaving amplitude (mm),1.0,6.6737,3.34
977,Weaving amplitude,10,Weaving amplitude (mm),1.1249,7.0106,3.1883
978,Weaving amplitude,10,Weaving amplitude (mm),1.2501,7.3609,3.0058
979,Weaving amplitude,10,Weaving amplitude (mm),1.375,7.7406,2.8923
980,Weaving amplitude,10,Weaving amplitude (mm),1.4999,8.0606,2.7957
981,Weaving amplitude,10,Weaving amplitude (mm),1.6251,8.2924,2.641
982,Weaving amplitude,10,Weaving amplitude (mm),1.75,8.6297,2.5572
983,Weaving amplitude,10,Weaving amplitude (mm),1.875,9.139,2.4961
984,Weaving amplitude,10,Weaving amplitude (mm),2.0,9.5319,2.4046
985,Weaving amplitude,10,Weaving amplitude (mm),2.125,9.7542,2.3451
986,Weaving amplitude,10,Weaving amplitude (mm),2.25,10.171,2.3325
987,Weaving amplitude,10,Weaving amplitude (mm),2.375,10.6157,2.2164
988,Weaving amplitude,10,Weaving amplitude (mm),2.5,10.9653,2.22
989,Weaving amplitude,10,Weaving amplitude (mm),2.625,11.1702,2.1418
990,Weaving amplitude,10,Weaving amplitude (mm),2.75,11.3042,2.1005
991,Weaving amplitude,10,Weaving amplitude (mm),2.875,11.5544,2.0588
992,Weaving amplitude,10,Weaving amplitude (mm),3.0,11.8117,2.0603
993,Weaving amplitude,10,Weaving amplitude (mm),3.125,11.9781,2.0414
994,Weaving amplitude,10,Weaving amplitude (mm),3.25,12.4619,2.0207
995,Weaving amplitude,10,Weaving amplitude (mm),3.375,12.4548,1.9893
996,Weaving amplitude,10,Weaving amplitude (mm),3.5,12.7663,2.0019
997,Weaving amplitude,10,Weaving amplitude (mm),3.625,12.8873,1.9571
998,Weaving amplitude,10,Weaving amplitude (mm),3.75,13.2248,1.9737
999,Weaving amplitude,10,Weaving amplitude (mm),3.875,13.2937,1.914
1000,Weaving amplitude,10,Weaving amplitude (mm),4.0,13.6675,1.917
1001,Cooling time,1,Interlayer cooling time (s),0.0,10.4522,2.2751
1002,Cooling time,1,Interlayer cooling time (s),20.0,10.2781,2.3439
1003,Cooling time,1,Interlayer cooling time (s),40.0,10.1854,2.4032
1004,Cooling time,1,Interlayer cooling time (s),60.0,10.1466,2.4245
1005,Cooling time,1,Interlayer cooling time (s),80.0,10.0986,2.4409
1006,Cooling time,2,Interlayer cooling time (s),0.0,10.5009,2.2567
1007,Cooling time,2,Interlayer cooling time (s),20.0,10.3372,2.3395
1008,Cooling time,2,Interlayer cooling time (s),40.0,10.2307,2.3963
1009,Cooling time,2,Interlayer cooling time (s),60.0,10.1677,2.4226
1010,Cooling time,2,Interlayer cooling time (s),80.0,10.1249,2.4354
1011,Cooling time,3,Interlayer cooling time (s),0.0,10.5525,2.2403
1012,Cooling time,3,Interlayer cooling time (s),20.0,10.3755,2.32
1013,Cooling time,3,Interlayer cooling time (s),40.0,10.2704,2.3762
1014,Cooling time,3,Interlayer cooling time (s),60.0,10.1695,2.4107
1015,Cooling time,3,Interlayer cooling time (s),80.0,10.1124,2.4324
1016,Cooling time,4,Interlayer cooling time (s),0.0,10.6364,2.2207
1017,Cooling time,4,Interlayer cooling time (s),20.0,10.427,2.3049
1018,Cooling time,4,Interlayer cooling time (s),40.0,10.3175,2.3658
1019,Cooling time,4,Interlayer cooling time (s),60.0,10.209,2.397
1020,Cooling time,4,Interlayer cooling time (s),80.0,10.1357,2.4325
1021,Cooling time,5,Interlayer cooling time (s),0.0,10.687,2.1918
1022,Cooling time,5,Interlayer cooling time (s),20.0,10.4917,2.3004
1023,Cooling time,5,Interlayer cooling time (s),40.0,10.3622,2.3533
1024,Cooling time,5,Interlayer cooling time (s),60.0,10.2225,2.3901
1025,Cooling time,5,Interlayer cooling time (s),80.0,10.1671,2.4128
1026,Cooling time,6,Interlayer cooling time (s),0.0,10.759,2.1802
1027,Cooling time,6,Interlayer cooling time (s),20.0,10.5209,2.275
1028,Cooling time,6,Interlayer cooling time (s),40.0,10.3865,2.3391
1029,Cooling time,6,Interlayer cooling time (s),60.0,10.2772,2.3838
1030,Cooling time,6,Interlayer cooling time (s),80.0,10.2019,2.4123
1031,Cooling time,7,Interlayer cooling time (s),0.0,10.8189,2.1596
1032,Cooling time,7,Interlayer cooling time (s),20.0,10.5749,2.2605
1033,Cooling time,7,Interlayer cooling time (s),40.0,10.4174,2.3289
1034,Cooling time,7,Interlayer cooling time (s),60.0,10.3027,2.3806
1035,Cooling time,7,Interlayer cooling time (s),80.0,10.2347,2.4122
1036,Cooling time,8,Interlayer cooling time (s),0.0,10.8666,2.1329
1037,Cooling time,8,Interlayer cooling time (s),20.0,10.6207,2.249
1038,Cooling time,8,Interlayer cooling time (s),40.0,10.4583,2.3138
1039,Cooling time,8,Interlayer cooling time (s),60.0,10.3104,2.3748
1040,Cooling time,8,Interlayer cooling time (s),80.0,10.2118,2.4123
1041,Cooling time,9,Interlayer cooling time (s),0.0,10.9478,2.12
1042,Cooling time,9,Interlayer cooling time (s),20.0,10.7132,2.2215
1043,Cooling time,9,Interlayer cooling time (s),40.0,10.5137,2.2979
1044,Cooling time,9,Interlayer cooling time (s),60.0,10.352,2.3634
1045,Cooling time,9,Interlayer cooling time (s),80.0,10.2606,2.4021
1046,Cooling time,10,Interlayer cooling time (s),0.0,11.0068,2.1002
1047,Cooling time,10,Interlayer cooling time (s),20.0,10.731,2.2136
1048,Cooling time,10,Interlayer cooling time (s),40.0,10.5521,2.28
1049,Cooling time,10,Interlayer cooling time (s),60.0,10.3719,2.351
1050,Cooling time,10,Interlayer cooling time (s),80.0,10.28,2.3945
