序号,焊接电流(A),焊接速度(cm/min),摆动频率(Hz),摆动幅度(mm),冷却时间(s),平均宽度(mm),平均高度(mm)
1,95.8569,29.7376,2.1813,3.3178,0,13.8959,1.6496
2,74.1161,26.0335,3.4838,3.0294,0,13.0726,1.5563
3,73.0778,23.3923,2.0813,1.2448,0,7.2929,2.0795
4,65.0913,24.7596,2.2594,1.7905,0,9.148,1.8048
5,79.6413,22.5858,3.4289,2.3663,0,12.661,1.7632
6,69.1793,23.8511,2.7735,2.6792,0,12.6473,1.6818
7,66.8418,28.6616,3.0322,2.8843,0,12.2672,1.4763
8,62.0517,27.232,3.9116,1.5475,0,8.0796,1.6532
9,98.562,28.4629,3.7862,2.2631,0,12.795,1.6728
10,81.9493,22.0908,2.284,3.6208,0,14.164,1.806
11,64.2432,22.4298,2.5095,2.938,0,12.7445,1.7001
12,99.8177,25.4411,3.9768,3.1486,0,14.8689,1.6995
13,77.815,24.6322,3.3351,1.6976,0,9.5651,1.8191
14,76.4638,29.6008,3.0612,2.5195,0,12.2874,1.5185
15,62.7383,24.3334,3.2799,3.5323,0,13.192,1.5455
16,82.7845,29.9478,3.86,1.1744,0,7.1427,1.8099
17,80.8762,28.7216,2.2377,2.2386,0,11.2735,1.6761
18,70.6159,26.5897,3.1373,3.855,0,13.5624,1.5143
19,88.1806,28.8866,3.5645,3.7228,0,14.2412,1.5013
20,80.6718,22.1685,3.1191,1.6422,0,9.6987,1.9457
21,75.7747,25.5725,2.8205,1.9544,0,10.3567,1.7576
22,71.9897,26.8633,3.9403,1.9838,0,10.2827,1.5996
23,97.1488,22.6575,3.6433,1.7688,0,11.2028,1.9766
24,87.2463,27.314,3.3744,1.0204,0,7.0427,2.0543
25,96.3632,24.4132,2.1507,3.064,0,14.2467,1.8678
26,90.5486,23.2584,3.1754,1.2158,0,8.4071,2.1314
27,76.9872,22.9492,2.6557,2.5686,0,12.9809,1.7751
28,83.4973,25.7886,3.4538,3.9197,0,14.4671,1.5882
29,72.2651,23.5795,2.9088,3.998,0,14.0464,1.6356
30,92.7329,25.2712,3.7507,1.3891,0,9.0948,1.9637
31,63.4723,28.259,2.9858,3.501,0,12.7269,1.4492
32,86.9491,29.1811,2.5735,3.6508,0,13.8696,1.5699
33,94.8216,27.5107,3.2017,3.178,0,14.2479,1.6505
34,85.804,27.6177,2.9514,1.321,0,8.0793,1.9198
35,97.8261,27.9452,3.7062,3.3586,0,14.6456,1.6033
36,60.3165,26.2545,3.8359,1.8788,0,9.5002,1.5982
37,92.8292,28.2054,2.8755,2.058,0,11.4711,1.7483
38,75.1192,26.4372,2.3234,3.2608,0,13.0358,1.6337
39,65.9313,23.0818,2.4133,2.1924,0,11.0594,1.7715
40,91.3682,24.1723,2.0327,2.4546,0,13.1603,1.8961
41,84.3566,27.0499,3.5504,3.413,0,13.9022,1.558
42,78.9078,26.7931,3.2814,1.5382,0,8.7329,1.8037
43,67.9036,27.8455,2.7117,1.4599,0,7.7196,1.777
44,61.1459,25.8467,2.6025,2.1355,0,10.4614,1.6623
45,89.7173,29.4931,2.7275,2.4222,0,12.6373,1.6381
46,85.0257,24.925,2.046,3.7612,0,14.0708,1.754
47,89.3796,23.9795,2.5304,2.8552,0,13.8089,1.8131
48,69.8696,29.3086,2.3935,2.767,0,12.0566,1.5281
49,68.4305,25.1077,2.4543,1.0901,0,6.4878,2.0474
50,93.6759,23.7315,3.6284,2.7187,0,14.1758,1.7728
51,95.8569,29.7376,2.1813,3.3178,20,13.7703,1.6746
52,74.1161,26.0335,3.4838,3.0294,20,12.9582,1.5787
53,73.0778,23.3923,2.0813,1.2448,20,7.1863,2.1086
54,65.0913,24.7596,2.2594,1.7905,20,9.0374,1.8303
55,79.6413,22.5858,3.4289,2.3663,20,12.5569,1.7891
56,69.1793,23.8511,2.7735,2.6792,20,12.5394,1.7047
57,66.8418,28.6616,3.0322,2.8843,20,12.1448,1.4979
58,62.0517,27.232,3.9116,1.5475,20,7.9615,1.6791
59,98.562,28.4629,3.7862,2.2631,20,12.6732,1.7023
60,81.9493,22.0908,2.284,3.6208,20,14.0614,1.8274
61,64.2432,22.4298,2.5095,2.938,20,12.6408,1.7211
62,99.8177,25.4411,3.9768,3.1486,20,14.7562,1.7258
63,77.815,24.6322,3.3351,1.6976,20,9.4548,1.8472
64,76.4638,29.6008,3.0612,2.5195,20,12.1621,1.5432
65,62.7383,24.3334,3.2799,3.5323,20,13.0826,1.564
66,82.7845,29.9478,3.86,1.1744,20,7.0164,1.8408
67,80.8762,28.7216,2.2377,2.2386,20,11.151,1.7027
68,70.6159,26.5897,3.1373,3.855,20,13.4462,1.5328
69,88.1806,28.8866,3.5645,3.7228,20,14.1182,1.5234
70,80.6718,22.1685,3.1191,1.6422,20,9.5958,1.9746
71,75.7747,25.5725,2.8205,1.9544,20,10.2436,1.7844
72,71.9897,26.8633,3.9403,1.9838,20,10.1657,1.6256
73,97.1488,22.6575,3.6433,1.7688,20,11.0985,2.0078
74,87.2463,27.314,3.3744,1.0204,20,6.9244,2.0867
75,96.3632,24.4132,2.1507,3.064,20,14.1371,1.8938
76,90.5486,23.2584,3.1754,1.2158,20,8.3009,2.1635
77,76.9872,22.9492,2.6557,2.5686,20,12.8757,1.7997
78,83.4973,25.7886,3.4538,3.9197,20,14.3534,1.6088
79,72.2651,23.5795,2.9088,3.998,20,13.9393,1.6539
80,92.7329,25.2712,3.7507,1.3891,20,8.9826,1.9955
81,63.4723,28.259,2.9858,3.501,20,12.6057,1.4679
82,86.9491,29.1811,2.5735,3.6508,20,13.7457,1.5921
83,94.8216,27.5107,3.2017,3.178,20,14.1289,1.6759
84,85.804,27.6177,2.9514,1.321,20,7.96,1.9508
85,97.8261,27.9452,3.7062,3.3586,20,14.5254,1.6285
86,60.3165,26.2545,3.8359,1.8788,20,9.3851,1.6226
87,92.8292,28.2054,2.8755,2.058,20,11.3501,1.7777
88,75.1192,26.4372,2.3234,3.2608,20,12.9201,1.6554
89,65.9313,23.0818,2.4133,2.1924,20,10.9538,1.7956
90,91.3682,24.1723,2.0327,2.4546,20,13.0514,1.9237
91,84.3566,27.0499,3.5504,3.413,20,13.7847,1.5806
92,78.9078,26.7931,3.2814,1.5382,20,8.6161,1.8326
93,67.9036,27.8455,2.7117,1.4599,20,7.5997,1.8044
94,61.1459,25.8467,2.6025,2.1355,20,10.3474,1.6858
95,89.7173,29.4931,2.7275,2.4222,20,12.5124,1.6655
96,85.0257,24.925,2.046,3.7612,20,13.9597,1.7754
97,89.3796,23.9795,2.5304,2.8552,20,13.7006,1.8388
98,69.8696,29.3086,2.3935,2.767,20,11.9322,1.5507
99,68.4305,25.1077,2.4543,1.0901,20,6.3761,2.0763
100,93.6759,23.7315,3.6284,2.7187,20,14.0682,1.7997
101,95.8569,29.7376,2.1813,3.3178,40,13.6447,1.6996
102,74.1161,26.0335,3.4838,3.0294,40,12.8437,1.601
103,73.0778,23.3923,2.0813,1.2448,40,7.0798,2.1376
104,65.0913,24.7596,2.2594,1.7905,40,8.9267,1.8559
105,79.6413,22.5858,3.4289,2.3663,40,12.4528,1.8149
106,69.1793,23.8511,2.7735,2.6792,40,12.4315,1.7275
107,66.8418,28.6616,3.0322,2.8843,40,12.0224,1.5196
108,62.0517,27.232,3.9116,1.5475,40,7.8434,1.7051
109,98.562,28.4629,3.7862,2.2631,40,12.5514,1.7318
110,81.9493,22.0908,2.284,3.6208,40,13.9587,1.8489
111,64.2432,22.4298,2.5095,2.938,40,12.5372,1.742
112,99.8177,25.4411,3.9768,3.1486,40,14.6435,1.7522
113,77.815,24.6322,3.3351,1.6976,40,9.3445,1.8754
114,76.4638,29.6008,3.0612,2.5195,40,12.0369,1.5679
115,62.7383,24.3334,3.2799,3.5323,40,12.9733,1.5824
116,82.7845,29.9478,3.86,1.1744,40,6.8901,1.8718
117,80.8762,28.7216,2.2377,2.2386,40,11.0284,1.7293
118,70.6159,26.5897,3.1373,3.855,40,13.3301,1.5514
119,88.1806,28.8866,3.5645,3.7228,40,13.9951,1.5455
120,80.6718,22.1685,3.1191,1.6422,40,9.493,2.0034
121,75.7747,25.5725,2.8205,1.9544,40,10.1305,1.8112
122,71.9897,26.8633,3.9403,1.9838,40,10.0488,1.6516
123,97.1488,22.6575,3.6433,1.7688,40,10.9942,2.039
124,87.2463,27.314,3.3744,1.0204,40,6.8061,2.119
125,96.3632,24.4132,2.1507,3.064,40,14.0275,1.9199
126,90.5486,23.2584,3.1754,1.2158,40,8.1948,2.1957
127,76.9872,22.9492,2.6557,2.5686,40,12.7705,1.8243
128,83.4973,25.7886,3.4538,3.9197,40,14.2396,1.6293
129,72.2651,23.5795,2.9088,3.998,40,13.8322,1.6722
130,92.7329,25.2712,3.7507,1.3891,40,8.8704,2.0274
131,63.4723,28.259,2.9858,3.501,40,12.4845,1.4865
132,86.9491,29.1811,2.5735,3.6508,40,13.6217,1.6142
133,94.8216,27.5107,3.2017,3.178,40,14.01,1.7013
134,85.804,27.6177,2.9514,1.321,40,7.8408,1.9817
135,97.8261,27.9452,3.7062,3.3586,40,14.4052,1.6537
136,60.3165,26.2545,3.8359,1.8788,40,9.2699,1.647
137,92.8292,28.2054,2.8755,2.058,40,11.229,1.807
138,75.1192,26.4372,2.3234,3.2608,40,12.8044,1.677
139,65.9313,23.0818,2.4133,2.1924,40,10.8482,1.8198
140,91.3682,24.1723,2.0327,2.4546,40,12.9425,1.9512
141,84.3566,27.0499,3.5504,3.413,40,13.6671,1.6032
142,78.9078,26.7931,3.2814,1.5382,40,8.4993,1.8616
143,67.9036,27.8455,2.7117,1.4599,40,7.4797,1.8317
144,61.1459,25.8467,2.6025,2.1355,40,10.2335,1.7094
145,89.7173,29.4931,2.7275,2.4222,40,12.3875,1.6929
146,85.0257,24.925,2.046,3.7612,40,13.8486,1.7969
147,89.3796,23.9795,2.5304,2.8552,40,13.5923,1.8645
148,69.8696,29.3086,2.3935,2.767,40,11.8079,1.5733
149,68.4305,25.1077,2.4543,1.0901,40,6.2644,2.1051
150,93.6759,23.7315,3.6284,2.7187,40,13.9607,1.8266
151,95.8569,29.7376,2.1813,3.3178,60,13.519,1.7246
152,74.1161,26.0335,3.4838,3.0294,60,12.7292,1.6234
153,73.0778,23.3923,2.0813,1.2448,60,6.9733,2.1666
154,65.0913,24.7596,2.2594,1.7905,60,8.8161,1.8814
155,79.6413,22.5858,3.4289,2.3663,60,12.3487,1.8408
156,69.1793,23.8511,2.7735,2.6792,60,12.3236,1.7504
157,66.8418,28.6616,3.0322,2.8843,60,11.9,1.5412
158,62.0517,27.232,3.9116,1.5475,60,7.7253,1.731
159,98.562,28.4629,3.7862,2.2631,60,12.4296,1.7614
160,81.9493,22.0908,2.284,3.6208,60,13.8561,1.8703
161,64.2432,22.4298,2.5095,2.938,60,12.4335,1.763
162,99.8177,25.4411,3.9768,3.1486,60,14.5308,1.7785
163,77.815,24.6322,3.3351,1.6976,60,9.2343,1.9035
164,76.4638,29.6008,3.0612,2.5195,60,11.9117,1.5926
165,62.7383,24.3334,3.2799,3.5323,60,12.8639,1.6008
166,82.7845,29.9478,3.86,1.1744,60,6.7639,1.9028
167,80.8762,28.7216,2.2377,2.2386,60,10.9058,1.7558
168,70.6159,26.5897,3.1373,3.855,60,13.2139,1.57
169,88.1806,28.8866,3.5645,3.7228,60,13.872,1.5676
170,80.6718,22.1685,3.1191,1.6422,60,9.3901,2.0322
171,75.7747,25.5725,2.8205,1.9544,60,10.0174,1.8379
172,71.9897,26.8633,3.9403,1.9838,60,9.9318,1.6776
173,97.1488,22.6575,3.6433,1.7688,60,10.8899,2.0702
174,87.2463,27.314,3.3744,1.0204,60,6.6877,2.1514
175,96.3632,24.4132,2.1507,3.064,60,13.9179,1.946
176,90.5486,23.2584,3.1754,1.2158,60,8.0887,2.2279
177,76.9872,22.9492,2.6557,2.5686,60,12.6653,1.8489
178,83.4973,25.7886,3.4538,3.9197,60,14.1259,1.6499
179,72.2651,23.5795,2.9088,3.998,60,13.7251,1.6905
180,92.7329,25.2712,3.7507,1.3891,60,8.7582,2.0593
181,63.4723,28.259,2.9858,3.501,60,12.3634,1.5052
182,86.9491,29.1811,2.5735,3.6508,60,13.4977,1.6364
183,94.8216,27.5107,3.2017,3.178,60,13.8911,1.7266
184,85.804,27.6177,2.9514,1.321,60,7.7215,2.0126
185,97.8261,27.9452,3.7062,3.3586,60,14.2849,1.6789
186,60.3165,26.2545,3.8359,1.8788,60,9.1548,1.6713
187,92.8292,28.2054,2.8755,2.058,60,11.108,1.8363
188,75.1192,26.4372,2.3234,3.2608,60,12.6887,1.6986
189,65.9313,23.0818,2.4133,2.1924,60,10.7426,1.8439
190,91.3682,24.1723,2.0327,2.4546,60,12.8336,1.9788
191,84.3566,27.0499,3.5504,3.413,60,13.5496,1.6259
192,78.9078,26.7931,3.2814,1.5382,60,8.3826,1.8905
193,67.9036,27.8455,2.7117,1.4599,60,7.3598,1.859
194,61.1459,25.8467,2.6025,2.1355,60,10.1196,1.7329
195,89.7173,29.4931,2.7275,2.4222,60,12.2626,1.7203
196,85.0257,24.925,2.046,3.7612,60,13.7374,1.8183
197,89.3796,23.9795,2.5304,2.8552,60,13.484,1.8901
198,69.8696,29.3086,2.3935,2.767,60,11.6835,1.5959
199,68.4305,25.1077,2.4543,1.0901,60,6.1527,2.1339
200,93.6759,23.7315,3.6284,2.7187,60,13.8531,1.8535
201,95.8569,29.7376,2.1813,3.3178,80,13.3934,1.7496
202,74.1161,26.0335,3.4838,3.0294,80,12.6147,1.6457
203,73.0778,23.3923,2.0813,1.2448,80,6.8667,2.1957
204,65.0913,24.7596,2.2594,1.7905,80,8.7054,1.907
205,79.6413,22.5858,3.4289,2.3663,80,12.2446,1.8666
206,69.1793,23.8511,2.7735,2.6792,80,12.2156,1.7732
207,66.8418,28.6616,3.0322,2.8843,80,11.7776,1.5629
208,62.0517,27.232,3.9116,1.5475,80,7.6072,1.757
209,98.562,28.4629,3.7862,2.2631,80,12.3078,1.7909
210,81.9493,22.0908,2.284,3.6208,80,13.7535,1.8917
211,64.2432,22.4298,2.5095,2.938,80,12.3299,1.784
212,99.8177,25.4411,3.9768,3.1486,80,14.4181,1.8049
213,77.815,24.6322,3.3351,1.6976,80,9.124,1.9316
214,76.4638,29.6008,3.0612,2.5195,80,11.7865,1.6173
215,62.7383,24.3334,3.2799,3.5323,80,12.7545,1.6193
216,82.7845,29.9478,3.86,1.1744,80,6.6376,1.9338
217,80.8762,28.7216,2.2377,2.2386,80,10.7832,1.7824
218,70.6159,26.5897,3.1373,3.855,80,13.0978,1.5885
219,88.1806,28.8866,3.5645,3.7228,80,13.7489,1.5897
220,80.6718,22.1685,3.1191,1.6422,80,9.2873,2.061
221,75.7747,25.5725,2.8205,1.9544,80,9.9043,1.8647
222,71.9897,26.8633,3.9403,1.9838,80,9.8148,1.7036
223,97.1488,22.6575,3.6433,1.7688,80,10.7855,2.1014
224,87.2463,27.314,3.3744,1.0204,80,6.5694,2.1837
225,96.3632,24.4132,2.1507,3.064,80,13.8082,1.972
226,90.5486,23.2584,3.1754,1.2158,80,7.9825,2.2601
227,76.9872,22.9492,2.6557,2.5686,80,12.5601,1.8735
228,83.4973,25.7886,3.4538,3.9197,80,14.0121,1.6704
229,72.2651,23.5795,2.9088,3.998,80,13.618,1.7088
230,92.7329,25.2712,3.7507,1.3891,80,8.6461,2.0912
231,63.4723,28.259,2.9858,3.501,80,12.2422,1.5239
232,86.9491,29.1811,2.5735,3.6508,80,13.3738,1.6586
233,94.8216,27.5107,3.2017,3.178,80,13.7722,1.752
234,85.804,27.6177,2.9514,1.321,80,7.6023,2.0436
235,97.8261,27.9452,3.7062,3.3586,80,14.1647,1.7041
236,60.3165,26.2545,3.8359,1.8788,80,9.0396,1.6957
237,92.8292,28.2054,2.8755,2.058,80,10.987,1.8657
238,75.1192,26.4372,2.3234,3.2608,80,12.573,1.7203
239,65.9313,23.0818,2.4133,2.1924,80,10.637,1.8681
240,91.3682,24.1723,2.0327,2.4546,80,12.7247,2.0063
241,84.3566,27.0499,3.5504,3.413,80,13.432,1.6485
242,78.9078,26.7931,3.2814,1.5382,80,8.2658,1.9194
243,67.9036,27.8455,2.7117,1.4599,80,7.2399,1.8863
244,61.1459,25.8467,2.6025,2.1355,80,10.0057,1.7565
245,89.7173,29.4931,2.7275,2.4222,80,12.1377,1.7477
246,85.0257,24.925,2.046,3.7612,80,13.6263,1.8397
247,89.3796,23.9795,2.5304,2.8552,80,13.3757,1.9158
248,69.8696,29.3086,2.3935,2.767,80,11.5592,1.6185
249,68.4305,25.1077,2.4543,1.0901,80,6.041,2.1628
250,93.6759,23.7315,3.6284,2.7187,80,13.7456,1.8805
